rho,joint_pass,f0_rel_err,gamma_rel_err,failed_gates,laser_threshold_nrmse_y,laser_threshold_shape_pass,semiconductor_cutoff_nrmse_y,semiconductor_cutoff_shape_pass,mri_larmor_nrmse_y,mri_larmor_shape_pass,atomic_clock_modes_nrmse_y,atomic_clock_modes_shape_pass
2.3,0,0.007555572198634518,0.0,atomic_clock_modes;f0_gate,0.0014907002365586747,1,0.0023317880226371044,1,0.0,1,0.1822916785063365,0
2.300200400801603,0,0.007524847818438537,0.0,atomic_clock_modes;f0_gate,0.0014846705657607974,1,0.002322436509029814,1,0.0,1,0.1822916785063365,0
2.3004008016032063,0,0.007494127051718162,0.0,atomic_clock_modes;f0_gate,0.0014786408956626268,1,0.0023130850393312833,1,0.0,1,0.1822916785063365,0
2.3006012024048093,0,0.007463409897734259,1.6688417120983165e-16,atomic_clock_modes;f0_gate,0.001472611226272588,1,0.002303733613562668,1,1.0032350741572526e-16,1,0.1822916785063365,0
2.3008016032064127,0,0.007432696355746346,1.6688417120983165e-16,atomic_clock_modes;f0_gate,0.0014665815575995872,1,0.002294382231744524,1,1.0032350741572526e-16,1,0.1822916785063365,0
2.3010020040080157,0,0.007401986425015871,0.0,atomic_clock_modes;f0_gate,0.0014605518896524156,1,0.0022850308938979847,1,0.0,1,0.1822916785063365,0
2.301202404809619,0,0.007371280104803508,1.6688417120983165e-16,atomic_clock_modes;f0_gate,0.001454522222440023,1,0.0022756796000440132,1,1.022498954174781e-16,1,0.1822916785063365,0
2.301402805611222,0,0.007340577394370705,1.6688417120983165e-16,atomic_clock_modes;f0_gate,0.0014484925559717415,1,0.0022663283502035495,1,1.0032350741572526e-16,1,0.1822916785063365,0
2.3016032064128256,0,0.007309878292978138,0.0,atomic_clock_modes;f0_gate,0.001442462890256749,1,0.002256977144397548,1,0.0,1,0.1822916785063365,0
2.3018036072144286,0,0.007279182799887834,0.0,atomic_clock_modes;f0_gate,0.0014364332253046892,1,0.002247625982647147,1,0.0,1,0.1822916785063365,0
2.302004008016032,0,0.007248490914362016,0.0,atomic_clock_modes;f0_gate,0.0014304035611251305,1,0.0022382748649728912,1,0.0,1,0.1822916785063365,0
2.302204408817635,0,0.007217802635661743,0.0,atomic_clock_modes;f0_gate,0.0014243738977278012,1,0.002228923791395918,1,0.0,1,0.1822916785063365,0
2.3024048096192384,0,0.007187117963050009,0.0,atomic_clock_modes;f0_gate,0.0014183442351228426,1,0.002219572761937179,1,0.0,1,0.1822916785063365,0
2.3026052104208414,0,0.0071564368957892305,0.0,atomic_clock_modes;f0_gate,0.0014123145733203162,1,0.0022102217766176106,1,0.0,1,0.1822916785063365,0
2.302805611222445,0,0.007125759433141435,0.0,atomic_clock_modes;f0_gate,0.001406284912330471,1,0.0022008708354581638,1,0.0,1,0.1822916785063365,0
2.303006012024048,0,0.0070950855743700005,1.6688417120983165e-16,atomic_clock_modes;f0_gate,0.0014002552521639553,1,0.002191519938479967,1,1.0032350741572526e-16,1,0.1822916785063365,0
2.3032064128256513,0,0.007064415318737923,0.0,atomic_clock_modes;f0_gate,0.0013942255928312997,1,0.002182169085703566,1,0.0,1,0.1822916785063365,0
2.3034068136272543,0,0.0070337486655085825,0.0,atomic_clock_modes;f0_gate,0.0013881959343435347,1,0.002172818277150091,1,0.0,1,0.1822916785063365,0
2.3036072144288577,0,0.007003085613945359,1.6688417120983165e-16,atomic_clock_modes;f0_gate,0.0013821662767116245,1,0.00216346751284048,1,1.0032350741572526e-16,1,0.1822916785063365,0
2.3038076152304607,0,0.006972426163311827,0.0,atomic_clock_modes;f0_gate,0.0013761366199467483,1,0.00215411679279568,1,0.0,1,0.1822916785063365,0
2.304008016032064,0,0.006941770312872333,0.0,atomic_clock_modes;f0_gate,0.0013701069640605103,1,0.0021447661170366163,1,0.0,1,0.1822916785063365,0
2.304208416833667,0,0.0069111180618910304,1.6688417120983165e-16,atomic_clock_modes;f0_gate,0.001364077309064483,1,0.0021354154855844293,1,1.0032350741572526e-16,1,0.1822916785063365,0
2.30440881763527,0,0.006880469409631492,0.0,atomic_clock_modes;f0_gate,0.0013580476549704427,1,0.002126064898459638,1,0.0,1,0.1822916785063365,0
2.3046092184368736,0,0.006849824355359418,0.0,atomic_clock_modes;f0_gate,0.0013520180017906132,1,0.0021167143556833925,1,0.0,1,0.1822916785063365,0
2.3048096192384766,0,0.006819182898338961,1.6688417120983165e-16,atomic_clock_modes;f0_gate,0.0013459883495372076,1,0.002107363857276614,1,1.0032350741572526e-16,1,0.1822916785063365,0
2.30501002004008,0,0.006788545037835242,1.6688417120983165e-16,atomic_clock_modes;f0_gate,0.0013399586982226516,1,0.0020980134032602352,1,1.0032350741572526e-16,1,0.1822916785063365,0
2.305210420841683,0,0.006757910773113379,0.0,atomic_clock_modes;f0_gate,0.0013339290478598343,1,0.0020886629936551853,1,0.0,1,0.1822916785063365,0
2.3054108216432865,0,0.006727280103439072,1.6688417120983165e-16,atomic_clock_modes;f0_gate,0.0013278993984615608,1,0.0020793126284826043,1,1.022498954174781e-16,1,0.1822916785063365,0
2.3056112224448895,0,0.006696653028078214,1.6688417120983165e-16,atomic_clock_modes;f0_gate,0.0013218697500411891,1,0.002069962307762995,1,1.0032350741572526e-16,1,0.1822916785063365,0
2.305811623246493,0,0.00666602954629573,0.0,atomic_clock_modes;f0_gate,0.0013158401026120902,1,0.0020606120315175016,1,0.0,1,0.1822916785063365,0
2.306012024048096,0,0.006635409657358867,0.0,atomic_clock_modes;f0_gate,0.0013098104561878618,1,0.002051261799767045,1,0.0,1,0.1822916785063365,0
2.3062124248496993,0,0.006604793360532744,0.0,atomic_clock_modes;f0_gate,0.0013037808107826108,1,0.0020419116125325594,1,0.0,1,0.1822916785063365,0
2.3064128256513023,0,0.006574180655084991,0.0,atomic_clock_modes;f0_gate,0.001297751166410461,1,0.0020325614698349518,1,0.0,1,0.1822916785063365,0
2.306613226452906,0,0.006543571540281696,0.0,atomic_clock_modes;f0_gate,0.0012917215230858032,1,0.0020232113716953616,1,0.0,1,0.1822916785063365,0
2.306813627254509,0,0.00651296601538991,0.0,atomic_clock_modes;f0_gate,0.0012856918808235313,1,0.002013861318134304,1,0.0,1,0.1822916785063365,0
2.307014028056112,0,0.0064823640796766845,0.0,atomic_clock_modes;f0_gate,0.0012796622396385022,1,0.0020045113091728935,1,0.0,1,0.1822916785063365,0
2.307214428857715,0,0.006451765732409845,0.0,atomic_clock_modes;f0_gate,0.0012736325995461764,1,0.0019951613448320536,1,0.0,1,0.1822916785063365,0
2.3074148296593187,0,0.006421170972856251,0.0,atomic_clock_modes;f0_gate,0.0012676029605620703,1,0.0019858114251327147,1,0.0,1,0.1822916785063365,0
2.3076152304609217,0,0.006390579800284498,0.0,atomic_clock_modes;f0_gate,0.0012615733227019886,1,0.001976461550095992,1,0.0,1,0.1822916785063365,0
2.307815631262525,0,0.006359992213961834,1.6688417120983165e-16,atomic_clock_modes;f0_gate,0.0012555436859822866,1,0.001967111719742384,1,1.0032350741572526e-16,1,0.1822916785063365,0
2.308016032064128,0,0.0063294082131570475,1.6688417120983165e-16,atomic_clock_modes;f0_gate,0.0012495140504193117,1,0.0019577619340930288,1,1.0032350741572526e-16,1,0.1822916785063365,0
2.308216432865731,0,0.006298827797138159,1.6688417120983165e-16,atomic_clock_modes;f0_gate,0.0012434844160300591,1,0.0019484121931688276,1,1.022498954174781e-16,1,0.1822916785063365,0
2.3084168336673345,0,0.006268250965174537,1.6688417120983165e-16,atomic_clock_modes;f0_gate,0.0012374547828315973,1,0.0019390624969907104,1,1.0032350741572526e-16,1,0.1822916785063365,0
2.3086172344689375,0,0.006237677716534009,1.6688417120983165e-16,atomic_clock_modes;f0_gate,0.0012314251508413416,1,0.0019297128455795746,1,1.0032350741572526e-16,1,0.1822916785063365,0
2.308817635270541,0,0.006207108050486136,0.0,atomic_clock_modes;f0_gate,0.0012253955200772877,1,0.0019203632389565403,1,0.0,1,0.1822916785063365,0
2.309018036072144,0,0.006176541966300292,1.6688417120983165e-16,atomic_clock_modes;f0_gate,0.001219365890557546,1,0.0019110136771421247,1,1.0032350741572526e-16,1,0.1822916785063365,0
2.3092184368737474,0,0.0061459794632458455,1.6688417120983165e-16,atomic_clock_modes;f0_gate,0.0012133362623005855,1,0.0019016641601574318,1,1.0032350741572526e-16,1,0.1822916785063365,0
2.3094188376753504,0,0.006115420540592941,0.0,atomic_clock_modes;f0_gate,0.001207306635325486,1,0.001892314688023368,1,0.0,1,0.1822916785063365,0
2.309619238476954,0,0.006084865197610756,1.6688417120983165e-16,atomic_clock_modes;f0_gate,0.0012012770096513884,1,0.0018829652607608438,1,1.022498954174781e-16,1,0.1822916785063365,0
2.309819639278557,0,0.006054313433569434,1.6688417120983165e-16,atomic_clock_modes;f0_gate,0.0011952473852981488,1,0.0018736158783907758,1,1.0032350741572526e-16,1,0.1822916785063365,0
2.3100200400801603,0,0.006023765247740278,0.0,atomic_clock_modes;f0_gate,0.001189217762285772,1,0.001864266540934273,1,0.0,1,0.1822916785063365,0
2.3102204408817633,0,0.005993220639393047,0.0,atomic_clock_modes;f0_gate,0.001183188140634683,1,0.0018549172484118182,1,0.0,1,0.1822916785063365,0
2.3104208416833667,0,0.005962679607798463,1.6688417120983165e-16,atomic_clock_modes;f0_gate,0.001177158520365953,1,0.001845568000844543,1,1.022498954174781e-16,1,0.1822916785063365,0
2.3106212424849697,0,0.0059321421522276355,0.0,atomic_clock_modes;f0_gate,0.0011711289015008614,1,0.0018362187982533344,1,0.0,1,0.1822916785063365,0
2.310821643286573,0,0.005901608271952254,0.0,atomic_clock_modes;f0_gate,0.001165099284061114,1,0.0018268696406591087,1,0.0,1,0.1822916785063365,0
2.311022044088176,0,0.005871077966242658,0.0,atomic_clock_modes;f0_gate,0.001159069668069115,1,0.0018175205280827602,1,0.0,1,0.1822916785063365,0
2.3112224448897796,0,0.005840551234371693,0.0,atomic_clock_modes;f0_gate,0.0011530400535474192,1,0.001808171460545392,1,0.0,1,0.1822916785063365,0
2.3114228456913826,0,0.005810028075610472,0.0,atomic_clock_modes;f0_gate,0.001147010440519375,1,0.0017988224380674973,1,0.0,1,0.1822916785063365,0
2.311623246492986,0,0.005779508489231263,0.0,atomic_clock_modes;f0_gate,0.0011409808290085825,1,0.0017894734606701962,1,0.0,1,0.1822916785063365,0
2.311823647294589,0,0.0057489924745061415,0.0,atomic_clock_modes;f0_gate,0.001134951219039144,1,0.0017801245283743648,1,0.0,1,0.1822916785063365,0
2.312024048096192,0,0.005718480030707378,0.0,atomic_clock_modes;f0_gate,0.0011289216106359088,1,0.0017707756412009105,1,0.0,1,0.1822916785063365,0
2.3122244488977954,0,0.0056879711571082075,1.6688417120983165e-16,atomic_clock_modes;f0_gate,0.001122892003823959,1,0.0017614267991709327,1,1.0032350741572526e-16,1,0.1822916785063365,0
2.3124248496993984,0,0.005657465852981092,1.6688417120983165e-16,atomic_clock_modes;f0_gate,0.0011168623986292211,1,0.001752078002304923,1,1.022498954174781e-16,1,0.1822916785063365,0
2.312625250501002,0,0.005626964117599462,1.6688417120983165e-16,atomic_clock_modes;f0_gate,0.0011108327950779518,1,0.0017427292506239725,1,1.0032350741572526e-16,1,0.1822916785063365,0
2.312825651302605,0,0.005596465950236166,1.6688417120983165e-16,atomic_clock_modes;f0_gate,0.0011048031931969733,1,0.0017333805441489896,1,1.0032350741572526e-16,1,0.1822916785063365,0
2.3130260521042083,0,0.0055659713501652105,0.0,atomic_clock_modes;f0_gate,0.001098773593013947,1,0.0017240318829008444,1,0.0,1,0.1822916785063365,0
2.3132264529058113,0,0.005535480316660027,1.6688417120983165e-16,atomic_clock_modes;f0_gate,0.0010927439945569056,1,0.0017146832669004556,1,1.0032350741572526e-16,1,0.1822916785063365,0
2.3134268537074147,0,0.005504992848994235,1.6688417120983165e-16,atomic_clock_modes;f0_gate,0.001086714397854493,1,0.001705334696168895,1,1.0032350741572526e-16,1,0.1822916785063365,0
2.3136272545090177,0,0.005474508946442618,0.0,atomic_clock_modes;f0_gate,0.0010806848029362374,1,0.0016959861707266557,1,0.0,1,0.1822916785063365,0
2.313827655310621,0,0.005444028608279184,1.6688417120983165e-16,atomic_clock_modes;f0_gate,0.0010746552098320164,1,0.00168663769059483,1,1.022498954174781e-16,1,0.1822916785063365,0
2.314028056112224,0,0.0054135518337787136,1.6688417120983165e-16,atomic_clock_modes;f0_gate,0.0010686256185726897,1,0.001677289255794303,1,1.0032350741572526e-16,1,0.1822916785063365,0
2.3142284569138276,0,0.005383078622215796,0.0,atomic_clock_modes;f0_gate,0.0010625960291895888,1,0.00166794086634597,1,0.0,1,0.1822916785063365,0
2.3144288577154306,0,0.005352608972865405,1.6688417120983165e-16,atomic_clock_modes;f0_gate,0.0010565664417147463,1,0.0016585925222707034,1,1.0032350741572526e-16,1,0.1822916785063365,0
2.314629258517034,0,0.005322142885002902,1.6688417120983165e-16,atomic_clock_modes;f0_gate,0.0010505368561811864,1,0.001649244223589602,1,1.022498954174781e-16,1,0.1822916785063365,0
2.314829659318637,0,0.0052916803579036486,0.0,atomic_clock_modes;f0_gate,0.0010445072726224531,1,0.0016398959703231501,1,0.0,1,0.1822916785063365,0
2.3150300601202405,0,0.005261221390843006,0.0,atomic_clock_modes;f0_gate,0.0010384776910728577,1,0.00163054776249242,1,0.0,1,0.1822916785063365,0
2.3152304609218435,0,0.005230765983097494,0.0,atomic_clock_modes;f0_gate,0.0010324481115677605,1,0.0016211996001183019,1,0.0,1,0.1822916785063365,0
2.315430861723447,0,0.005200314133942281,0.0,atomic_clock_modes;f0_gate,0.0010264185341430357,1,0.0016118514832216737,1,0.0,1,0.1822916785063365,0
2.31563126252505,0,0.0051698658426542745,0.0,atomic_clock_modes;f0_gate,0.0010203889588357212,1,0.0016025034118234162,1,0.0,1,0.1822916785063365,0
2.3158316633266534,0,0.0051394211085096075,0.0,atomic_clock_modes;f0_gate,0.0010143593856834978,1,0.001593155385944618,1,0.0,1,0.1822916785063365,0
2.3160320641282564,0,0.005108979930784801,0.0,atomic_clock_modes;f0_gate,0.0010083298147249404,1,0.0015838074056057513,1,0.0,1,0.1822916785063365,0
2.3162324649298593,0,0.005078542308757343,0.0,atomic_clock_modes;f0_gate,0.0010023002459998026,1,0.0015744594708278828,1,0.0,1,0.1822916785063365,0
2.316432865731463,0,0.005048108241703945,1.6688417120983165e-16,atomic_clock_modes;f0_gate,0.0009962706795484796,1,0.0015651115816319064,1,1.022498954174781e-16,1,0.1822916785063365,0
2.316633266533066,0,0.0050176777289015154,1.6688417120983165e-16,atomic_clock_modes;f0_gate,0.0009902411154126623,1,0.001555763738038686,1,1.022498954174781e-16,1,0.1822916785063365,0
2.3168336673346692,0,0.00498725076962812,1.6688417120983165e-16,atomic_clock_modes;f0_gate,0.0009842115536348231,1,0.0015464159400691133,1,1.0032350741572526e-16,1,0.1822916785063365,0
2.317034068136272,0,0.004956827363161247,1.6688417120983165e-16,atomic_clock_modes;f0_gate,0.0009781819942584937,1,0.0015370681877442437,1,1.0032350741572526e-16,1,0.1822916785063365,0
2.3172344689378757,0,0.004926407508779155,0.0,atomic_clock_modes;f0_gate,0.0009721524373285179,1,0.0015277204810845485,1,0.0,1,0.1822916785063365,0
2.3174348697394787,0,0.004895991205759718,3.337683424196633e-16,atomic_clock_modes;f0_gate,0.0009661228828906136,1,0.0015183728201111242,1,1.9445285297757483e-16,1,0.1822916785063365,0
2.317635270541082,0,0.0048655784533808075,0.0,atomic_clock_modes;f0_gate,0.0009600933309916547,1,0.0015090252048448121,1,0.0,1,0.1822916785063365,0
2.317835671342685,0,0.004835169250921844,0.0,atomic_clock_modes;f0_gate,0.000954063781679935,1,0.0014996776353065127,1,0.0,1,0.1822916785063365,0
2.3180360721442885,0,0.004804763597660894,1.6688417120983165e-16,atomic_clock_modes;f0_gate,0.0009480342350046694,1,0.0014903301115170684,1,1.022498954174781e-16,1,0.1822916785063365,0
2.3182364729458915,0,0.004774361492877183,1.6688417120983165e-16,atomic_clock_modes;f0_gate,0.00094200469101664,1,0.00148098263349756,1,1.0032350741572526e-16,1,0.1822916785063365,0
2.318436873747495,0,0.004743962935850517,0.0,atomic_clock_modes;f0_gate,0.0009359751497676926,1,0.0014716352012684578,1,0.0,1,0.1822916785063365,0
2.318637274549098,0,0.0047135679258593485,1.6688417120983165e-16,atomic_clock_modes;f0_gate,0.0009299456113110357,1,0.001462287814850812,1,1.0032350741572526e-16,1,0.1822916785063365,0
2.3188376753507014,0,0.004683176462183676,1.6688417120983165e-16,atomic_clock_modes;f0_gate,0.0009239160757014905,1,0.0014529404742655047,1,1.022498954174781e-16,1,0.1822916785063365,0
2.3190380761523044,0,0.004652788544103113,0.0,atomic_clock_modes;f0_gate,0.00091788654299509,1,0.0014435931795333918,1,0.0,1,0.1822916785063365,0
2.319238476953908,0,0.004622404170897657,1.6688417120983165e-16,atomic_clock_modes;f0_gate,0.0009118570132493392,1,0.0014342459306753467,1,1.0032350741572526e-16,1,0.1822916785063365,0
2.319438877755511,0,0.004592023341848274,0.0,atomic_clock_modes;f0_gate,0.0009058274865235177,1,0.0014248987277124278,1,0.0,1,0.1822916785063365,0
2.3196392785571143,0,0.0045616460562343825,0.0,atomic_clock_modes;f0_gate,0.0008997979628781857,1,0.0014155515706650832,1,0.0,1,0.1822916785063365,0
2.3198396793587173,0,0.004531272313337141,0.0,atomic_clock_modes;f0_gate,0.0008937684423758407,1,0.0014062044595543877,1,0.0,1,0.1822916785063365,0
2.3200400801603207,0,0.004500902112437323,0.0,atomic_clock_modes;f0_gate,0.0008877389250804412,1,0.0013968573944012036,1,0.0,1,0.1822916785063365,0
2.3202404809619237,0,0.004470535452816276,0.0,atomic_clock_modes;f0_gate,0.0008817094110577056,1,0.001387510375226376,1,0.0,1,0.1822916785063365,0
2.3204408817635267,0,0.004440172333754582,1.6688417120983165e-16,atomic_clock_modes;f0_gate,0.0008756799003753886,1,0.001378163402050968,1,1.0032350741572526e-16,1,0.1822916785063365,0
2.32064128256513,0,0.004409812754534365,1.6688417120983165e-16,atomic_clock_modes;f0_gate,0.0008696503931029,1,0.0013688164748954397,1,1.022498954174781e-16,1,0.1822916785063365,0
2.320841683366733,0,0.004379456714436974,0.0,atomic_clock_modes;f0_gate,0.0008636208893115682,1,0.0013594695937808516,1,0.0,1,0.1822916785063365,0
2.3210420841683366,0,0.004349104212743957,1.6688417120983165e-16,atomic_clock_modes;f0_gate,0.000857591389074979,1,0.001350122758728049,1,1.0032350741572526e-16,1,0.1822916785063365,0
2.3212424849699396,0,0.004318755248738209,1.6688417120983165e-16,atomic_clock_modes;f0_gate,0.0008515618924685683,1,0.0013407759697578914,1,1.0032350741572526e-16,1,0.1822916785063365,0
2.321442885771543,0,0.004288409821701663,0.0,atomic_clock_modes;f0_gate,0.0008455323995699144,1,0.0013314292268912214,1,0.0,1,0.1822916785063365,0
2.321643286573146,0,0.004258067930916443,3.337683424196633e-16,atomic_clock_modes;f0_gate,0.0008395029104590672,1,0.0013220825301491126,1,1.9445285297757483e-16,1,0.1822916785063365,0
2.3218436873747494,0,0.004227729575666218,0.0,atomic_clock_modes;f0_gate,0.0008334734252180668,1,0.0013127358795519957,1,0.0,1,0.1822916785063365,0
2.3220440881763524,0,0.004197394755232921,0.0,atomic_clock_modes;f0_gate,0.0008274439439316738,1,0.0013033892751209226,1,0.0,1,0.1822916785063365,0
2.322244488977956,0,0.00416706346890022,0.0,atomic_clock_modes;f0_gate,0.0008214144666868942,1,0.0012940427168767552,1,0.0,1,0.1822916785063365,0
2.322444889779559,0,0.004136735715951208,1.6688417120983165e-16,atomic_clock_modes;f0_gate,0.0008153849935733051,1,0.0012846962048403338,1,1.022498954174781e-16,1,0.1822916785063365,0
2.3226452905811623,0,0.004106411495669555,0.0,atomic_clock_modes;f0_gate,0.0008093555246833937,1,0.0012753497390325013,1,0.0,1,0.1822916785063365,0
2.3228456913827653,0,0.00407609080733893,1.6688417120983165e-16,atomic_clock_modes;f0_gate,0.0008033260601121076,1,0.0012660033194743072,1,1.0032350741572526e-16,1,0.1822916785063365,0
2.3230460921843687,0,0.004045773650243584,1.6688417120983165e-16,atomic_clock_modes;f0_gate,0.000797296599957583,1,0.0012566569461862009,1,1.022498954174781e-16,1,0.1822916785063365,0
2.3232464929859717,0,0.004015460023667767,0.0,atomic_clock_modes;f0_gate,0.0007912671443207072,1,0.0012473106191892222,1,0.0,1,0.1822916785063365,0
2.323446893787575,0,0.003985149926894956,1.6688417120983165e-16,atomic_clock_modes;f0_gate,0.0007852376933054646,1,0.0012379643385042195,1,1.0032350741572526e-16,1,0.1822916785063365,0
2.323647294589178,0,0.003954843359210754,1.6688417120983165e-16,atomic_clock_modes;f0_gate,0.0007792082470193043,1,0.001228618104152025,1,1.0032350741572526e-16,1,0.1822916785063365,0
2.3238476953907816,0,0.00392454031989941,0.0,atomic_clock_modes;f0_gate,0.000773178805572697,1,0.00121927191615349,1,0.0,1,0.1822916785063365,0
2.3240480961923846,0,0.003894240808245948,0.0,atomic_clock_modes;f0_gate,0.0007671493690799206,1,0.0012099257745296621,1,0.0,1,0.1822916785063365,0
2.3242484969939876,0,0.003863944823535777,0.0,atomic_clock_modes;f0_gate,0.0007611199376586134,1,0.0012005796793009577,1,0.0,1,0.1822916785063365,0
2.324448897795591,0,0.0038336523650541136,0.0,atomic_clock_modes;f0_gate,0.0007550905114301916,1,0.001191233630488429,1,0.0,1,0.1822916785063365,0
2.324649298597194,0,0.0038033634320867537,1.6688417120983165e-16,atomic_clock_modes;f0_gate,0.0007490610905202114,1,0.001181887628112917,1,1.0032350741572526e-16,1,0.1822916785063365,0
2.3248496993987975,0,0.0037730780239193,1.6688417120983165e-16,atomic_clock_modes;f0_gate,0.0007430316750580646,1,0.0011725416721952526,1,1.022498954174781e-16,1,0.1822916785063365,0
2.3250501002004005,0,0.0037427961398379347,0.0,atomic_clock_modes;f0_gate,0.0007370022651773759,1,0.0011631957627564673,1,0.0,1,0.1822916785063365,0
2.325250501002004,0,0.0037125177791288407,1.6688417120983165e-16,atomic_clock_modes;f0_gate,0.0007309728610164188,1,0.0011538498998170115,1,1.0032350741572526e-16,1,0.1822916785063365,0
2.325450901803607,0,0.003682242941078586,1.6688417120983165e-16,atomic_clock_modes;f0_gate,0.0007249434627178314,1,0.0011445040833978938,1,1.0032350741572526e-16,1,0.1822916785063365,0
2.3256513026052104,0,0.0036519716249737402,0.0,atomic_clock_modes;f0_gate,0.0007189140704290331,1,0.0011351583135199683,1,0.0,1,0.1822916785063365,0
2.3258517034068134,0,0.003621703830100872,0.0,atomic_clock_modes;f0_gate,0.0007128846843026649,1,0.0011258125902040591,1,0.0,1,0.1822916785063365,0
2.326052104208417,0,0.0035914395557475167,0.0,atomic_clock_modes;f0_gate,0.0007068553044962716,1,0.001116466913471002,1,0.0,1,0.1822916785063365,0
2.32625250501002,0,0.003561178801200629,0.0,atomic_clock_modes;f0_gate,0.0007008259311731226,1,0.0011071212833418215,1,0.0,1,0.1822916785063365,0
2.3264529058116232,0,0.0035309215657479383,0.0,atomic_clock_modes;f0_gate,0.000694796564501927,1,0.0010977756998369478,1,0.0,1,0.1822916785063365,0
2.3266533066132262,0,0.0035006678486765924,0.0,atomic_clock_modes;f0_gate,0.0006887672046572892,1,0.0010884301629774068,1,0.0,1,0.1822916785063365,0
2.3268537074148297,0,0.003470417649274899,0.0,atomic_clock_modes;f0_gate,0.0006827378518202289,1,0.0010790846727840309,1,0.0,1,0.1822916785063365,0
2.3270541082164327,0,0.003440170966830974,1.6688417120983165e-16,atomic_clock_modes;f0_gate,0.0006767085061778999,1,0.0010697392292776317,1,1.0032350741572526e-16,1,0.1822916785063365,0
2.327254509018036,0,0.003409927800632738,0.0,atomic_clock_modes;f0_gate,0.0006706791679245008,1,0.0010603938324790583,1,0.0,1,0.1822916785063365,0
2.327454909819639,0,0.0033796881499692727,0.0,atomic_clock_modes;f0_gate,0.0006646498372610305,1,0.0010510484824093134,1,0.0,1,0.1822916785063365,0
2.3276553106212425,0,0.0033494520141288857,1.6688417120983165e-16,atomic_clock_modes;f0_gate,0.0006586205143958605,1,0.0010417031790888249,1,1.0032350741572526e-16,1,0.1822916785063365,0
2.3278557114228455,0,0.003319219392400271,1.6688417120983165e-16,atomic_clock_modes;f0_gate,0.000652591199545292,1,0.0010323579225386295,1,1.0032350741572526e-16,1,0.1822916785063365,0
2.3280561122244485,0,0.0032889902840730905,1.6688417120983165e-16,atomic_clock_modes;f0_gate,0.0006465618929334683,1,0.0010230127127795262,1,1.0032350741572526e-16,1,0.1822916785063365,0
2.328256513026052,0,0.003258764688436231,0.0,atomic_clock_modes;f0_gate,0.0006405325947929515,1,0.0010136675498323554,1,0.0,1,0.1822916785063365,0
2.328456913827655,0,0.0032285426047797402,0.0,atomic_clock_modes;f0_gate,0.0006345033053654002,1,0.0010043224337181178,1,0.0,1,0.1822916785063365,0
2.3286573146292584,0,0.003198324032392505,0.0,atomic_clock_modes;f0_gate,0.0006284740249014178,1,0.0009949773644572402,1,0.0,1,0.1822916785063365,0
2.3288577154308614,0,0.00316810897056496,1.6688417120983165e-16,atomic_clock_modes;f0_gate,0.0006224447536616422,1,0.000985632342070747,1,1.0032350741572526e-16,1,0.1822916785063365,0
2.329058116232465,0,0.003137897418587539,1.6688417120983165e-16,atomic_clock_modes;f0_gate,0.0006164154919166595,1,0.0009762873665794346,1,1.022498954174781e-16,1,0.1822916785063365,0
2.329258517034068,0,0.0031076893757499015,0.0,atomic_clock_modes;f0_gate,0.0006103862399477529,1,0.0009669424380041455,1,0.0,1,0.1822916785063365,0
2.3294589178356713,0,0.0030774848413432547,1.6688417120983165e-16,atomic_clock_modes;f0_gate,0.0006043569980476706,1,0.000957597556365674,1,1.0032350741572526e-16,1,0.1822916785063365,0
2.3296593186372743,0,0.003047283814657646,1.6688417120983165e-16,atomic_clock_modes;f0_gate,0.0005983277665207234,1,0.0009482527216850348,1,1.0032350741572526e-16,1,0.1822916785063365,0
2.3298597194388777,0,0.003017086294984475,0.0,atomic_clock_modes;f0_gate,0.0005922985456835991,1,0.000938907933982648,1,0.0,1,0.1822916785063365,0
2.3300601202404807,0,0.002986892281614948,0.0,atomic_clock_modes;f0_gate,0.0005862693358662694,1,0.000929563193279521,1,0.0,1,0.1822916785063365,0
2.330260521042084,0,0.0029567017738404656,0.0,atomic_clock_modes;f0_gate,0.0005802401374120812,1,0.0009202184995964617,1,0.0,1,0.1822916785063365,0
2.330460921843687,0,0.0029265147709520403,0.0,atomic_clock_modes;f0_gate,0.0005742109506791438,1,0.000910873852954287,1,0.0,1,0.1822916785063365,0
2.3306613226452906,0,0.0028963312722420386,0.0,atomic_clock_modes;f0_gate,0.000568181776040503,1,0.0009015292533737984,1,0.0,1,0.1822916785063365,0
2.3308617234468936,0,0.002866151277002633,0.0,atomic_clock_modes;f0_gate,0.0005621526138852219,1,0.0008921847008760051,1,0.0,1,0.1822916785063365,0
2.331062124248497,0,0.0028359747845252237,1.6688417120983165e-16,atomic_clock_modes;f0_gate,0.0005561234646194722,1,0.0008828401954813134,1,1.0032350741572526e-16,1,0.1822916785063365,0
2.3312625250501,0,0.002805801794102756,1.6688417120983165e-16,atomic_clock_modes;f0_gate,0.0005500943286669113,1,0.0008734957372107274,1,1.0032350741572526e-16,1,0.1822916785063365,0
2.3314629258517034,0,0.0027756323050272093,0.0,atomic_clock_modes;f0_gate,0.0005440652064702955,1,0.0008641513260850639,1,0.0,1,0.1822916785063365,0
2.3316633266533064,0,0.0027454663165921095,1.6688417120983165e-16,atomic_clock_modes;f0_gate,0.0005380360984919805,1,0.0008548069621251071,1,1.0032350741572526e-16,1,0.1822916785063365,0
2.33186372745491,0,0.002715303828090016,1.6688417120983165e-16,atomic_clock_modes;f0_gate,0.000532007005215284,1,0.0008454626453516717,1,1.0032350741572526e-16,1,0.1822916785063365,0
2.332064128256513,0,0.0026851448388146466,1.6688417120983165e-16,atomic_clock_modes;f0_gate,0.000525977927145931,1,0.0008361183757857596,1,1.0032350741572526e-16,1,0.1822916785063365,0
2.332264529058116,0,0.002654989348058755,1.6688417120983165e-16,atomic_clock_modes;f0_gate,0.0005199488648128434,1,0.0008267741534477633,1,1.0032350741572526e-16,1,0.1822916785063365,0
2.3324649298597193,0,0.0026248373551160586,0.0,atomic_clock_modes;f0_gate,0.0005139198187697774,1,0.0008174299783586878,1,0.0,1,0.1822916785063365,0
2.3326653306613223,0,0.00259468885928047,0.0,atomic_clock_modes;f0_gate,0.0005078907895970107,1,0.0008080858505393318,1,0.0,1,0.1822916785063365,0
2.3328657314629258,0,0.0025645438598460944,0.0,atomic_clock_modes;f0_gate,0.0005018617779023988,1,0.0007987417700104948,1,0.0,1,0.1822916785063365,0
2.3330661322645287,0,0.0025344023561072295,1.6688417120983165e-16,atomic_clock_modes;f0_gate,0.0004958327843236717,1,0.0007893977367929721,1,1.0032350741572526e-16,1,0.1822916785063365,0
2.333266533066132,0,0.0025042643473579813,1.6688417120983165e-16,atomic_clock_modes;f0_gate,0.000489803809529704,1,0.000780053750907756,1,1.022498954174781e-16,1,0.1822916785063365,0
2.333466933867735,0,0.0024741298328934207,0.0,atomic_clock_modes;f0_gate,0.0004837748542227288,1,0.0007707098123752457,1,0.0,1,0.1822916785063365,0
2.3336673346693386,0,0.0024439988120074597,1.6688417120983165e-16,atomic_clock_modes;f0_gate,0.00047774591914066187,1,0.0007613659212164343,1,1.0032350741572526e-16,1,0.1822916785063365,0
2.3338677354709416,0,0.0024138712839961354,1.6688417120983165e-16,atomic_clock_modes;f0_gate,0.00047171700505889197,1,0.0007520220774521128,1,1.0032350741572526e-16,1,0.1822916785063365,0
2.334068136272545,0,0.00238374724815452,0.0,atomic_clock_modes;f0_gate,0.00046568811279296645,1,0.0007426782811030766,1,0.0,1,0.1822916785063365,0
2.334268537074148,0,0.002353626703777491,0.0,atomic_clock_modes;f0_gate,0.0004596592432014493,1,0.0007333345321903109,1,0.0,1,0.1822916785063365,0
2.3344689378757515,0,0.002323509650160892,0.0,atomic_clock_modes;f0_gate,0.00045363039718823733,1,0.0007239908307342042,1,0.0,1,0.1822916785063365,0
2.3346693386773545,0,0.0022933960866013416,0.0,atomic_clock_modes;f0_gate,0.0004476015757062361,1,0.00071464717675576,1,0.0,1,0.1822916785063365,0
2.334869739478958,0,0.0022632860123931375,0.0,atomic_clock_modes;f0_gate,0.00044157277976013357,1,0.0007053035702757535,1,0.0,1,0.1822916785063365,0
2.335070140280561,0,0.002233179426834443,0.0,atomic_clock_modes;f0_gate,0.0004355440104102572,1,0.0006959600113149665,1,0.0,1,0.1822916785063365,0
2.3352705410821644,0,0.002203076329220329,1.6688417120983165e-16,atomic_clock_modes;f0_gate,0.00042951526877669957,1,0.0006866164998941976,1,1.0032350741572526e-16,1,0.1822916785063365,0
2.3354709418837674,0,0.002172976718848379,1.6688417120983165e-16,atomic_clock_modes;f0_gate,0.00042348655604309074,1,0.0006772730360344284,1,1.0032350741572526e-16,1,0.1822916785063365,0
2.335671342685371,0,0.0021428805950144377,0.0,atomic_clock_modes;f0_gate,0.00041745787346141516,1,0.0006679296197560408,1,0.0,1,0.1822916785063365,0
2.335871743486974,0,0.002112787957016668,1.6688417120983165e-16,atomic_clock_modes;f0_gate,0.00041142922235728915,1,0.0006585862510800168,1,1.0032350741572526e-16,1,0.1822916785063365,0
2.3360721442885772,0,0.0020826988041514937,1.6688417120983165e-16,atomic_clock_modes;f0_gate,0.00040540060413484826,1,0.0006492429300271385,1,1.0032350741572526e-16,1,0.1822916785063365,0
2.3362725450901802,0,0.002052613135716885,1.6688417120983165e-16,atomic_clock_modes;f0_gate,0.0003993720202833254,1,0.0006398996566181873,1,1.0032350741572526e-16,1,0.1822916785063365,0
2.3364729458917832,0,0.0020225309510100383,1.6688417120983165e-16,atomic_clock_modes;f0_gate,0.0003933434723829952,1,0.0006305564308739474,1,1.0032350741572526e-16,1,0.1822916785063365,0
2.3366733466933867,0,0.0019924522493291173,0.0,atomic_clock_modes;f0_gate,0.0003873149621125141,1,0.0006212132528153948,1,0.0,1,0.1822916785063365,0
2.3368737474949897,0,0.0019623770299722846,0.0,atomic_clock_modes;f0_gate,0.00038128649125694224,1,0.0006118701224629101,1,0.0,1,0.1822916785063365,0
2.337074148296593,0,0.001932305292237124,0.0,atomic_clock_modes;f0_gate,0.00037525806171578174,1,0.0006025270398374576,1,0.0,1,0.1822916785063365,0
2.337274549098196,0,0.0019022370354231514,3.337683424196633e-16,atomic_clock_modes;f0_gate,0.0003692296755125765,1,0.0005931840049598329,1,1.9445285297757483e-16,1,0.1822916785063365,0
2.3374749498997995,0,0.0018721722588281432,1.6688417120983165e-16,atomic_clock_modes;f0_gate,0.0003632013348054495,1,0.0005838410178507999,1,1.022498954174781e-16,1,0.1822916785063365,0
2.3376753507014025,0,0.0018421109617512285,0.0,atomic_clock_modes;f0_gate,0.00035717304189787717,1,0.000574498078531125,1,0.0,1,0.1822916785063365,0
2.337875751503006,0,0.0018120531434919233,1.6688417120983165e-16,atomic_clock_modes;f0_gate,0.0003511447992518308,1,0.0005651551870218076,1,1.0032350741572526e-16,1,0.1822916785063365,0
2.338076152304609,0,0.0017819988033487774,1.6688417120983165e-16,atomic_clock_modes;f0_gate,0.00034511660950101267,1,0.0005558123433431926,1,1.0032350741572526e-16,1,0.1822916785063365,0
2.3382765531062124,0,0.0017519479406216925,0.0,atomic_clock_modes;f0_gate,0.0003390884754664012,1,0.0005464695475162663,1,0.0,1,0.1822916785063365,0
2.3384769539078154,0,0.0017219005546103782,0.0,atomic_clock_modes;f0_gate,0.0003330604001734204,1,0.000537126799561792,1,0.0,1,0.1822916785063365,0
2.338677354709419,0,0.0016918566446141566,1.6688417120983165e-16,atomic_clock_modes;f0_gate,0.0003270323868702021,1,0.0005277840995005421,1,1.0032350741572526e-16,1,0.1822916785063365,0
2.338877755511022,0,0.0016618162099338962,0.0,atomic_clock_modes;f0_gate,0.0003210044390491478,1,0.0005184414473532767,1,0.0,1,0.1822916785063365,0
2.3390781563126253,0,0.0016317792498691131,0.0,atomic_clock_modes;f0_gate,0.00031497656046972224,1,0.0005090988431409747,1,0.0,1,0.1822916785063365,0
2.3392785571142283,0,0.0016017457637208686,0.0,atomic_clock_modes;f0_gate,0.00030894875518474983,1,0.0004997562868840018,1,0.0,1,0.1822916785063365,0
2.3394789579158317,0,0.0015717157507894517,1.6688417120983165e-16,atomic_clock_modes;f0_gate,0.0003029210275698465,1,0.0004904137786033182,1,1.0032350741572526e-16,1,0.1822916785063365,0
2.3396793587174347,0,0.001541689210376117,1.6688417120983165e-16,atomic_clock_modes;f0_gate,0.00029689338235564796,1,0.0004810713183196836,1,1.0032350741572526e-16,1,0.1822916785063365,0
2.339879759519038,0,0.0015116661417817333,0.0,atomic_clock_modes;f0_gate,0.00029086582466487704,1,0.00047172890605387514,1,0.0,1,0.1822916785063365,0
2.340080160320641,0,0.0014816465443075553,1.6688417120983165e-16,atomic_clock_modes;f0_gate,0.00028483836005403166,1,0.0004623865418266412,1,1.0032350741572526e-16,1,0.1822916785063365,0
2.340280561122244,0,0.001451630417255031,1.6688417120983165e-16,atomic_clock_modes;f0_gate,0.00027881099455976435,1,0.0004530442256589536,1,1.0032350741572526e-16,1,0.1822916785063365,0
2.3404809619238476,0,0.001421617759925802,1.6688417120983165e-16,atomic_clock_modes;f0_gate,0.0002727837347521603,1,0.0004437019575711632,1,1.0032350741572526e-16,1,0.1822916785063365,0
2.3406813627254506,0,0.0013916085716218962,1.6688417120983165e-16,atomic_clock_modes;f0_gate,0.00026675658779522937,1,0.00043435973758423457,1,1.0032350741572526e-16,1,0.1822916785063365,0
2.340881763527054,0,0.001361602851645148,0.0,atomic_clock_modes;f0_gate,0.00026072956151493873,1,0.0004250175657189234,1,0.0,1,0.1822916785063365,0
2.341082164328657,0,0.0013316005992981652,0.0,atomic_clock_modes;f0_gate,0.00025470266447816275,1,0.0004156754419959974,1,0.0,1,0.1822916785063365,0
2.3412825651302605,0,0.0013016018138831686,0.0,atomic_clock_modes;f0_gate,0.00024867590608183566,1,0.0004063333664361962,1,0.0,1,0.1822916785063365,0
2.3414829659318634,0,0.0012716064947031526,3.337683424196633e-16,atomic_clock_modes;f0_gate,0.00024264929665624848,1,0.0003969913390604908,1,1.9445285297757483e-16,1,0.1822916785063365,0
2.341683366733467,0,0.0012416146410605313,0.0,atomic_clock_modes;f0_gate,0.00023662284758408552,1,0.0003876493598892164,1,0.0,1,0.1822916785063365,0
2.34188376753507,0,0.0012116262522586852,0.0,atomic_clock_modes;f0_gate,0.00023059657143730192,1,0.00037830742894334437,1,0.0,1,0.1822916785063365,0
2.3420841683366733,0,0.0011816413276008017,1.6688417120983165e-16,atomic_clock_modes;f0_gate,0.00022457048213724492,1,0.00036896554624361416,1,1.0032350741572526e-16,1,0.1822916785063365,0
2.3422845691382763,0,0.0011516598663902614,1.6688417120983165e-16,atomic_clock_modes;f0_gate,0.00021854459514001478,1,0.00035962371181079834,1,1.0032350741572526e-16,1,0.1822916785063365,0
2.3424849699398798,0,0.0011216818679310242,0.0,atomic_clock_modes;f0_gate,0.00021251892765417128,1,0.00035028192566582446,1,0.0,1,0.1822916785063365,0
2.3426853707414828,0,0.0010917073315268573,0.0,atomic_clock_modes;f0_gate,0.00020649349889650636,1,0.00034094018782904764,1,0.0,1,0.1822916785063365,0
2.342885771543086,0,0.001061736256481721,1.6688417120983165e-16,atomic_clock_modes;f0_gate,0.00020046833039304678,1,0.0003315984983214175,1,1.0032350741572526e-16,1,0.1822916785063365,0
2.343086172344689,0,0.001031768642099962,1.6688417120983165e-16,atomic_clock_modes;f0_gate,0.00019444344633724354,1,0.00032225685716368913,1,1.0032350741572526e-16,1,0.1822916785063365,0
2.3432865731462926,0,0.0010018044876861198,0.0,atomic_clock_modes;f0_gate,0.00018841887401551457,1,0.00031291526437659417,1,0.0,1,0.1822916785063365,0
2.3434869739478956,0,0.0009718437925445416,0.0,atomic_clock_modes;f0_gate,0.0001823946443179166,1,0.0003035737199808906,1,0.0,1,0.1822916785063365,0
2.343687374749499,0,0.0009418865559805402,3.337683424196633e-16,atomic_clock_modes;f0_gate,0.00017637079235325432,1,0.000294232223997522,1,1.9445285297757483e-16,1,0.1822916785063365,0
2.343887775551102,0,0.0009119327772990419,1.6688417120983165e-16,atomic_clock_modes;f0_gate,0.00017034735819381922,1,0.00028489077644682095,1,1.0032350741572526e-16,1,0.1822916785063365,0
2.344088176352705,0,0.0008819824558051664,0.0,atomic_clock_modes;f0_gate,0.00016432438778442594,1,0.00027554937734974394,1,0.0,1,0.1822916785063365,0
2.3442885771543085,0,0.0008520355908042265,1.6688417120983165e-16,atomic_clock_modes;f0_gate,0.0001583019340586475,1,0.00026620802672702216,1,1.0032350741572526e-16,1,0.1822916785063365,0
2.3444889779559115,0,0.0008220921816025014,0.0,atomic_clock_modes;f0_gate,0.00015228005831866034,1,0.0002568667245993966,1,0.0,1,0.1822916785063365,0
2.344689378757515,0,0.0007921522275054973,1.6688417120983165e-16,atomic_clock_modes;f0_gate,0.00014625883195615527,1,0.00024752547098760874,1,1.0032350741572526e-16,1,0.1822916785063365,0
2.344889779559118,0,0.0007622157278192997,0.0,atomic_clock_modes;f0_gate,0.00014023833861569025,1,0.00023818426591259675,1,0.0,1,0.1822916785063365,0
2.3450901803607214,0,0.0007322826818498015,0.0,atomic_clock_modes;f0_gate,0.00013421867693812374,1,0.00022884310939470597,1,0.0,1,0.1822916785063365,0
2.3452905811623244,0,0.0007023530889044411,1.6688417120983165e-16,atomic_clock_modes;f0_gate,0.00012819996407650012,1,0.00021950200145486002,1,1.022498954174781e-16,1,0.1822916785063365,0
2.345490981963928,0,0.0006724269482889177,0.0,atomic_clock_modes;f0_gate,0.00012218234024708236,1,0.00021016094211380093,1,0.0,1,0.1822916785063365,0
2.345691382765531,0,0.0006425042593104769,1.6688417120983165e-16,atomic_clock_modes;f0_gate,0.00011616597469188067,1,0.0002008199313922645,1,1.0032350741572526e-16,1,0.1822916785063365,0
2.3458917835671342,0,0.0006125850212759771,0.0,atomic_clock_modes;f0_gate,0.00011015107358912612,1,0.000191478969310977,1,0.0,1,0.1822916785063365,0
2.3460921843687372,0,0.0005826692334930504,1.6688417120983165e-16,atomic_clock_modes;f0_gate,0.00010413789069491395,1,0.00018213805589087977,1,1.022498954174781e-16,1,0.1822916785063365,0
2.3462925851703407,0,0.0005527568952687485,1.6688417120983165e-16,atomic_clock_modes;f0_gate,9.8126741884128e-05,1,0.00017279719115229043,1,1.0032350741572526e-16,1,0.1822916785063365,0
2.3464929859719437,0,0.0005228480059110898,0.0,atomic_clock_modes;f0_gate,9.211802535901369e-05,1,0.0001634563751161626,1,0.0,1,0.1822916785063365,0
2.346693386773547,0,0.000492942564727706,1.6688417120983165e-16,atomic_clock_modes;f0_gate,8.61122502790552e-05,1,0.00015411560780320354,1,1.0032350741572526e-16,1,0.1822916785063365,0
2.34689378757515,0,0.0004630405710268085,1.6688417120983165e-16,atomic_clock_modes;f0_gate,8.01100781990532e-05,1,0.00014477488923415234,1,1.022498954174781e-16,1,0.1822916785063365,0
2.3470941883767535,0,0.0004331420241166087,1.6688417120983165e-16,atomic_clock_modes;f0_gate,7.411238451719293e-05,1,0.000135434219429929,1,1.0032350741572526e-16,1,0.1822916785063365,0
2.3472945891783565,0,0.0004032469233053181,0.0,atomic_clock_modes;f0_gate,6.812035215296988e-05,1,0.00012609359841087627,1,0.0,1,0.1822916785063365,0
2.34749498997996,0,0.00037335526790134143,0.0,atomic_clock_modes;f0_gate,6.21356189709792e-05,1,0.00011675302619789985,1,0.0,1,0.1822916785063365,0
2.347695390781563,0,0.00034346705721443596,1.6688417120983165e-16,atomic_clock_modes;f0_gate,5.6160518526832966e-05,1,0.00010741250281173545,1,1.022498954174781e-16,1,0.1822916785063365,0
2.3478957915831664,0,0.0003135822905530063,3.337683424196633e-16,atomic_clock_modes;f0_gate,5.0198490678016e-05,1,9.807202827309905e-05,1,1.9445285297757483e-16,1,0.1822916785063365,0
2.3480961923847694,0,0.0002837009672264235,1.6688417120983165e-16,atomic_clock_modes;f0_gate,4.425481917645293e-05,1,8.87316026027217e-05,1,1.0032350741572526e-16,1,0.1822916785063365,0
2.3482965931863724,0,0.00025382308654405824,0.0,atomic_clock_modes;f0_gate,3.833804250567194e-05,1,7.939122582152092e-05,1,0.0,1,0.1822916785063365,0
2.348496993987976,0,0.00022394864781547473,0.0,atomic_clock_modes;f0_gate,3.2462869787525155e-05,1,7.005089794981823e-05,1,0.0,1,0.1822916785063365,0
2.348697394789579,0,0.0001940776503506235,0.0,atomic_clock_modes;f0_gate,2.665682380477861e-05,1,6.071061900852398e-05,1,0.0,1,0.1822916785063365,0
2.3488977955911823,0,0.00016421009345945513,0.0,atomic_clock_modes;f0_gate,2.0977381264477566e-05,1,5.137038901837337e-05,1,0.0,1,0.1822916785063365,0
2.3490981963927853,0,0.00013434597645269313,0.0,atomic_clock_modes;f0_gate,1.556376313484399e-05,1,4.2030208000064874e-05,1,0.0,1,0.1822916785063365,0
2.3492985971943887,0,0.00010448529864009486,1.6688417120983165e-16,atomic_clock_modes;f0_gate,1.0822515879447026e-05,1,3.269007597432581e-05,1,1.022498954174781e-16,1,0.1822916785063365,0
2.3494989979959917,0,7.462805933238385e-05,1.6688417120983165e-16,atomic_clock_modes;f0_gate,8.046049083151201e-06,1,2.3349992962081756e-05,1,1.022498954174781e-16,1,0.25779689080277823,0
2.349699398797595,0,4.477425784028359e-05,1.6688417120983165e-16,atomic_clock_modes;f0_gate,9.22317139481701e-06,1,1.4009958983629454e-05,1,1.022498954174781e-16,1,0.2577993637508316,0
2.349899799599198,0,1.4923893475097342e-05,1.6688417120983165e-16,atomic_clock_modes;f0_gate,1.334581597923263e-05,1,4.669974059881981e-06,1,1.0032350741572526e-16,1,0.2571070342541019,0
2.35,1,0.0,1.6688417120983165e-16,,1.587139673292017e-05,1,0.0,1,1.022498954174781e-16,1,7.361173348133209e-10,1
2.3503006012024046,0,4.476652662951346e-05,1.6688417120983165e-16,atomic_clock_modes;f0_gate,2.4131854836025706e-05,1,1.4009848540622042e-05,1,1.022498954174781e-16,1,0.2577993637508353,0
2.350501002004008,0,7.460658374613831e-05,0.0,atomic_clock_modes;f0_gate,2.9892107953889576e-05,1,2.334968617596938e-05,1,0.0,1,0.2577993637507867,0
2.350701402805611,0,0.00010444320648967004,0.0,atomic_clock_modes;f0_gate,3.574137304118899e-05,1,3.2689474673751055e-05,1,0.0,1,0.1822916786080314,0
2.3509018036072145,0,0.00013427639554880542,0.0,atomic_clock_modes;f0_gate,4.1642157780950976e-05,1,4.2029214013280994e-05,1,0.0,1,0.1822916785063365,0
2.3511022044088175,0,0.0001641061516106953,0.0,atomic_clock_modes;f0_gate,4.75752960189932e-05,1,5.136890417342704e-05,1,0.0,1,0.1822916785063365,0
2.351302605210421,0,0.0001939324753630703,0.0,atomic_clock_modes;f0_gate,5.353003088701873e-05,1,6.0708545134303253e-05,1,0.0,1,0.1822916785063365,0
2.351503006012024,0,0.00022375536749346772,0.0,atomic_clock_modes;f0_gate,5.94998785803603e-05,1,7.004813687480497e-05,1,0.0,1,0.1822916785063365,0
2.3517034068136273,0,0.0002535748286894249,1.6688417120983165e-16,atomic_clock_modes;f0_gate,6.548070574018233e-05,1,7.938767937420947e-05,1,1.022498954174781e-16,1,0.1822916785063365,0
2.3519038076152303,0,0.0002833908596375131,1.6688417120983165e-16,atomic_clock_modes;f0_gate,7.146975602469218e-05,1,8.872717261183103e-05,1,1.022498954174781e-16,1,0.1822916785063365,0
2.3521042084168338,0,0.00031320346102468985,1.6688417120983165e-16,atomic_clock_modes;f0_gate,7.746512219762012e-05,1,9.806661656697184e-05,1,1.0032350741572526e-16,1,0.1822916785063365,0
2.3523046092184368,0,0.00034301263353713987,1.6688417120983165e-16,atomic_clock_modes;f0_gate,8.346544324913675e-05,1,0.00010740601121891225,1,1.022498954174781e-16,1,0.1822916785063365,0
2.3525050100200398,0,0.00037281837786220726,1.6688417120983165e-16,atomic_clock_modes;f0_gate,8.946972228246074e-05,1,0.00011674535654695505,1,1.0032350741572526e-16,1,0.1822916785063365,0
2.352705410821643,0,0.0004026206946856902,0.0,atomic_clock_modes;f0_gate,9.547721258325336e-05,1,0.00012608465253040804,1,0.0,1,0.1822916785063365,0
2.352905811623246,0,0.00043241958469319373,1.6688417120983165e-16,atomic_clock_modes;f0_gate,0.00010148734388521907,1,0.0001354238991485758,1,1.022498954174781e-16,1,0.1822916785063365,0
2.3531062124248496,0,0.0004622150485714822,0.0,atomic_clock_modes;f0_gate,0.00010749967322707827,1,0.00014476309638075332,1,0.0,1,0.1822916785063365,0
2.3533066132264526,0,0.0004920070870055808,0.0,atomic_clock_modes;f0_gate,0.00011351385134800736,1,0.00015410224420624513,1,0.0,1,0.1822916785063365,0
2.353507014028056,0,0.0005217957006809016,1.6688417120983165e-16,atomic_clock_modes;f0_gate,0.00011952959918193702,1,0.00016344134260396504,1,1.022498954174781e-16,1,0.1822916785063365,0
2.353707414829659,0,0.0005515808902830491,1.6688417120983165e-16,atomic_clock_modes;f0_gate,0.0001255466910841299,1,0.00017278039155400733,1,1.022498954174781e-16,1,0.1822916785063365,0
2.3539078156312625,0,0.0005813626564970489,1.6688417120983165e-16,atomic_clock_modes;f0_gate,0.00013156494264277355,1,0.00018211939103528993,1,1.022498954174781e-16,1,0.1822916785063365,0
2.3541082164328655,0,0.0006111410000073464,1.6688417120983165e-16,atomic_clock_modes;f0_gate,0.00013758420167977296,1,0.00019145834102711278,1,1.022498954174781e-16,1,0.1822916785063365,0
2.354308617234469,0,0.0006409159214991601,1.6688417120983165e-16,atomic_clock_modes;f0_gate,0.00014360434150822855,1,0.00020079724150878477,1,1.022498954174781e-16,1,0.1822916785063365,0
2.354509018036072,0,0.0006706874216565492,1.6688417120983165e-16,atomic_clock_modes;f0_gate,0.0001496252558125166,1,0.0002101360924596158,1,1.022498954174781e-16,1,0.1822916785063365,0
2.3547094188376754,0,0.0007004555011641523,0.0,atomic_clock_modes;f0_gate,0.00015564685471525973,1,0.00021947489385891984,1,0.0,1,0.1822916785063365,0
2.3549098196392784,0,0.0007302201607058354,0.0,atomic_clock_modes;f0_gate,0.00016166906171988384,1,0.00022881364568601295,1,0.0,1,0.1822916785063365,0
2.355110220440882,0,0.0007599814009654643,0.0,atomic_clock_modes;f0_gate,0.0001676918113112974,1,0.00023815234792019482,1,0.0,1,0.1822916785063365,0
2.355310621242485,0,0.0007897392226269049,0.0,atomic_clock_modes;f0_gate,0.00017371504705459954,1,0.000247491000540796,1,0.0,1,0.1822916785063365,0
2.3555110220440882,0,0.0008194936263734432,0.0,atomic_clock_modes;f0_gate,0.00017973872007555588,1,0.00025682960352711433,1,0.0,1,0.1822916785063365,0
2.3557114228456912,0,0.0008492446128889451,0.0,atomic_clock_modes;f0_gate,0.0001857627878354667,1,0.0002661681568584843,1,0.0,1,0.1822916785063365,0
2.3559118236472947,0,0.0008789921828557305,1.6688417120983165e-16,atomic_clock_modes;f0_gate,0.0001917872131380296,1,0.00027550666051380355,1,1.022498954174781e-16,1,0.1822916785063365,0
2.3561122244488977,0,0.0009087363369572789,1.6688417120983165e-16,atomic_clock_modes;f0_gate,0.00019781196331602305,1,0.00028484511447320353,1,1.022498954174781e-16,1,0.1822916785063365,0
2.3563126252505007,0,0.0009384770758761033,0.0,atomic_clock_modes;f0_gate,0.00020383700956271738,1,0.00029418351871560617,1,0.0,1,0.1822916785063365,0
2.356513026052104,0,0.0009682144002947171,1.6688417120983165e-16,atomic_clock_modes;f0_gate,0.0002098623263782957,1,0.00030352187322032174,1,1.022498954174781e-16,1,0.1822916785063365,0
2.356713426853707,0,0.00099794831089544,1.6688417120983165e-16,atomic_clock_modes;f0_gate,0.00021588789110815623,1,0.00031286017796667415,1,1.0032350741572526e-16,1,0.1822916785063365,0
2.3569138276553105,0,0.0010276788083607854,0.0,atomic_clock_modes;f0_gate,0.00022191368355778648,1,0.00032219843293398466,1,0.0,1,0.1822916785063365,0
2.3571142284569135,0,0.001057405893372107,1.6688417120983165e-16,atomic_clock_modes;f0_gate,0.00022793968566725637,1,0.0003315366381015784,1,1.022498954174781e-16,1,0.1822916785063365,0
2.357314629258517,0,0.0010871295666117246,0.0,atomic_clock_modes;f0_gate,0.0002339658812366289,1,0.0003408747934487801,1,0.0,1,0.1822916785063365,0
2.35751503006012,0,0.0011168498287606056,0.0,atomic_clock_modes;f0_gate,0.00023999225569274808,1,0.0003502128989549099,1,0.0,1,0.1822916785063365,0
2.3577154308617234,0,0.0011465666805006835,1.6688417120983165e-16,atomic_clock_modes;f0_gate,0.0002460187958895043,1,0.0003595509545993044,1,1.022498954174781e-16,1,0.1822916785063365,0
2.3579158316633264,0,0.0011762801225127322,1.6688417120983165e-16,atomic_clock_modes;f0_gate,0.0002520454899382116,1,0.0003688889603612789,1,1.022498954174781e-16,1,0.1822916785063365,0
2.35811623246493,0,0.0012059901554781058,1.6688417120983165e-16,atomic_clock_modes;f0_gate,0.0002580723270602792,1,0.00037822691621976396,1,1.022498954174781e-16,1,0.1822916785063365,0
2.358316633266533,0,0.0012356967800771913,1.6688417120983165e-16,atomic_clock_modes;f0_gate,0.0002640992974607528,1,0.000387564822154894,1,1.022498954174781e-16,1,0.1822916785063365,0
2.3585170340681363,0,0.00126539999699115,0.0,atomic_clock_modes;f0_gate,0.0002701263922188034,1,0.0003969026781456023,1,0.0,1,0.1822916785063365,0
2.3587174348697393,0,0.0012950998068995958,1.6688417120983165e-16,atomic_clock_modes;f0_gate,0.00027615360319175323,1,0.0004062404841712133,1,1.022498954174781e-16,1,0.1822916785063365,0
2.3589178356713427,0,0.0013247962104831097,0.0,atomic_clock_modes;f0_gate,0.0002821809229329161,1,0.0004155782402110669,1,0.0,1,0.1822916785063365,0
2.3591182364729457,0,0.0013544892084220797,0.0,atomic_clock_modes;f0_gate,0.0002882083446182655,1,0.00042491594624447535,1,0.0,1,0.1822916785063365,0
2.359318637274549,0,0.0013841788013955402,0.0,atomic_clock_modes;f0_gate,0.00029423586198281136,1,0.0004342536022507989,1,0.0,1,0.1822916785063365,0
2.359519038076152,0,0.0014138649900836857,0.0,atomic_clock_modes;f0_gate,0.00030026346926454253,1,0.0004435912082093651,1,0.0,1,0.1822916785063365,0
2.3597194388777556,0,0.0014435477751659378,0.0,atomic_clock_modes;f0_gate,0.00030629116115508075,1,0.00045292876409950037,1,0.0,1,0.1822916785063365,0
2.3599198396793586,0,0.0014732271573215244,0.0,atomic_clock_modes;f0_gate,0.00031231893275532444,1,0.0004622662699005517,1,0.0,1,0.1822916785063365,0
2.3601202404809616,0,0.0015029031372292873,0.0,atomic_clock_modes;f0_gate,0.0003183467795375998,1,0.0004716037255918548,1,0.0,1,0.1822916785063365,0
2.360320641282565,0,0.0015325757155678747,1.6688417120983165e-16,atomic_clock_modes;f0_gate,0.0003243746973105993,1,0.00048094113115275,1,1.022498954174781e-16,1,0.1822916785063365,0
2.360521042084168,0,0.0015622448930163219,0.0,atomic_clock_modes;f0_gate,0.00033040268218882316,1,0.0004902784865621718,1,0.0,1,0.1822916785063365,0
2.3607214428857715,0,0.0015919106702534701,1.6688417120983165e-16,atomic_clock_modes;f0_gate,0.0003364307305653557,1,0.0004996157918002747,1,1.022498954174781e-16,1,0.1822916785063365,0
2.3609218436873745,0,0.0016215730479566157,1.6688417120983165e-16,atomic_clock_modes;f0_gate,0.0003424588390867554,1,0.0005089530468459976,1,1.0032350741572526e-16,1,0.1822916785063365,0
2.361122244488978,0,0.0016512320268045999,0.0,atomic_clock_modes;f0_gate,0.00034848700463202114,1,0.0005182902516786725,1,0.0,1,0.1822916785063365,0
2.361322645290581,0,0.0016808876074747186,1.6688417120983165e-16,atomic_clock_modes;f0_gate,0.00035451522429226094,1,0.0005276274062776542,1,1.022498954174781e-16,1,0.1822916785063365,0
2.3615230460921843,0,0.0017105397906452338,1.6688417120983165e-16,atomic_clock_modes;f0_gate,0.0003605434953530959,1,0.0005369645106222893,1,1.022498954174781e-16,1,0.1822916785063365,0
2.3617234468937873,0,0.001740188576993248,0.0,atomic_clock_modes;f0_gate,0.0003665718152786776,1,0.0005463015646919117,1,0.0,1,0.1822916785063365,0
2.3619238476953908,0,0.0017698339671964438,1.6688417120983165e-16,atomic_clock_modes;f0_gate,0.00037260018169740853,1,0.0005556385684658878,1,1.022498954174781e-16,1,0.1822916785063365,0
2.3621242484969938,0,0.0017994759619315366,1.6688417120983165e-16,atomic_clock_modes;f0_gate,0.00037862859238824663,1,0.0005649755219235584,1,1.022498954174781e-16,1,0.1822916785063365,0
2.362324649298597,0,0.0018291145618758227,0.0,atomic_clock_modes;f0_gate,0.00038465704526982673,1,0.0005743124250442719,1,0.0,1,0.1822916785063365,0
2.3625250501002,0,0.0018587497677058247,1.6688417120983165e-16,atomic_clock_modes;f0_gate,0.00039068553838907414,1,0.0005836492778073719,1,1.022498954174781e-16,1,0.1822916785063365,0
2.3627254509018036,0,0.0018883815800980657,0.0,atomic_clock_modes;f0_gate,0.00039671406991163133,1,0.0005929860801922219,1,0.0,1,0.1822916785063365,0
2.3629258517034066,0,0.001918009999728875,0.0,atomic_clock_modes;f0_gate,0.0004027426381131121,1,0.0006023228321777672,1,0.0,1,0.1822916785063365,0
2.36312625250501,0,0.001947635027274389,1.6688417120983165e-16,atomic_clock_modes;f0_gate,0.0004087712413703867,1,0.0006116595337441635,1,1.0032350741572526e-16,1,0.1822916785063365,0
2.363326653306613,0,0.0019772566634109374,0.0,atomic_clock_modes;f0_gate,0.00041479987815512065,1,0.0006209961848703665,1,0.0,1,0.1822916785063365,0
2.3635270541082165,0,0.00200687490881369,0.0,atomic_clock_modes;f0_gate,0.00042082854702641423,1,0.0006303327855357359,1,0.0,1,0.1822916785063365,0
2.3637274549098195,0,0.002036489764158591,0.0,atomic_clock_modes;f0_gate,0.0004268572466247569,1,0.0006396693357196314,1,0.0,1,0.1822916785063365,0
2.363927855711423,0,0.002066101230121003,0.0,atomic_clock_modes;f0_gate,0.00043288597566651225,1,0.000649005835401402,1,0.0,1,0.1822916785063365,0
2.364128256513026,0,0.002095709307376096,0.0,atomic_clock_modes;f0_gate,0.0004389147329381185,1,0.0006583422845604049,1,0.0,1,0.1822916785063365,0
2.364328657314629,0,0.0021253139965988466,0.0,atomic_clock_modes;f0_gate,0.000444943517292215,1,0.0006676786831760094,1,0.0,1,0.1822916785063365,0
2.3645290581162324,0,0.002154915298463847,1.6688417120983165e-16,atomic_clock_modes;f0_gate,0.0004509723276426619,1,0.000677015031227563,1,1.022498954174781e-16,1,0.1822916785063365,0
2.3647294589178354,0,0.002184513213646265,0.0,atomic_clock_modes;f0_gate,0.0004570011629606177,1,0.0006863513286944445,1,0.0,1,0.1822916785063365,0
2.364929859719439,0,0.0022141077428201135,1.6688417120983165e-16,atomic_clock_modes;f0_gate,0.0004630300222709738,1,0.0006956875755560095,1,1.022498954174781e-16,1,0.1822916785063365,0
2.365130260521042,0,0.0022436988866599817,1.6688417120983165e-16,atomic_clock_modes;f0_gate,0.0004690589046482967,1,0.0007050237717912163,1,1.0032350741572526e-16,1,0.1822916785063365,0
2.3653306613226452,0,0.002273286645839301,0.0,atomic_clock_modes;f0_gate,0.00047508780921457384,1,0.0007143599173802342,1,0.0,1,0.1822916785063365,0
2.3655310621242482,0,0.0023028710210322755,1.6688417120983165e-16,atomic_clock_modes;f0_gate,0.00048111673513565365,1,0.0007236960123020411,1,1.022498954174781e-16,1,0.1822916785063365,0
2.3657314629258517,0,0.002332452012912529,1.6688417120983165e-16,atomic_clock_modes;f0_gate,0.0004871456816186707,1,0.0007330320565359887,1,1.022498954174781e-16,1,0.1822916785063365,0
2.3659318637274547,0,0.0023620296221536865,0.0,atomic_clock_modes;f0_gate,0.0004931746479096873,1,0.0007423680500614446,1,0.0,1,0.1822916785063365,0
2.366132264529058,0,0.0023916038494289854,0.0,atomic_clock_modes;f0_gate,0.0004992036332907194,1,0.0007517039928577986,1,0.0,1,0.1822916785063365,0
2.366332665330661,0,0.0024211746954116635,1.6688417120983165e-16,atomic_clock_modes;f0_gate,0.0005052326370785182,1,0.0007610398849044007,1,1.022498954174781e-16,1,0.1822916785063365,0
2.3665330661322646,0,0.0024507421607741857,0.0,atomic_clock_modes;f0_gate,0.0005112616586218943,1,0.0007703757261806249,1,0.0,1,0.1822916785063365,0
2.3667334669338675,0,0.00248030624618921,0.0,atomic_clock_modes;f0_gate,0.000517290697300026,1,0.0007797115166658485,1,0.0,1,0.1822916785063365,0
2.366933867735471,0,0.0025098669523299743,0.0,atomic_clock_modes;f0_gate,0.0005233197525208605,1,0.0007890472563394432,1,0.0,1,0.1822916785063365,0
2.367134268537074,0,0.0025394242798681705,0.0,atomic_clock_modes;f0_gate,0.000529348823718842,1,0.0007983829451807886,1,0.0,1,0.1822916785063365,0
2.3673346693386774,0,0.0025689782294762635,1.6688417120983165e-16,atomic_clock_modes;f0_gate,0.0005353779103543539,1,0.0008077185831692488,1,1.0032350741572526e-16,1,0.1822916785063365,0
2.3675350701402804,0,0.002598528801825752,1.6688417120983165e-16,atomic_clock_modes;f0_gate,0.0005414070119116507,1,0.0008170541702838018,1,1.0032350741572526e-16,1,0.1822916785063365,0
2.367735470941884,0,0.0026280759975889074,0.0,atomic_clock_modes;f0_gate,0.000547436127897725,1,0.0008263897065046403,1,0.0,1,0.1822916785063365,0
2.367935871743487,0,0.002657619817436842,0.0,atomic_clock_modes;f0_gate,0.0005534652578410408,1,0.0008357251918107314,1,0.0,1,0.1822916785063365,0
2.3681362725450903,0,0.0026871602620416346,0.0,atomic_clock_modes;f0_gate,0.0005594944012905418,1,0.0008450606261814538,1,0.0,1,0.1822916785063365,0
2.3683366733466933,0,0.0027166973320734305,0.0,atomic_clock_modes;f0_gate,0.0005655235578139454,1,0.0008543960095961984,1,0.0,1,0.1822916785063365,0
2.3685370741482963,0,0.0027462310282041153,0.0,atomic_clock_modes;f0_gate,0.000571552726997663,1,0.000863731342034329,1,0.0,1,0.1822916785063365,0
2.3687374749498997,0,0.002775761351104028,1.6688417120983165e-16,atomic_clock_modes;f0_gate,0.0005775819084452283,1,0.0008730666234752507,1,1.022498954174781e-16,1,0.1822916785063365,0
2.3689378757515027,0,0.002805288301444088,0.0,atomic_clock_modes;f0_gate,0.0005836111017765523,1,0.0008824018538983288,1,0.0,1,0.1822916785063365,0
2.369138276553106,0,0.0028348118798946337,1.6688417120983165e-16,atomic_clock_modes;f0_gate,0.0005896403066272492,1,0.0008917370332829532,1,1.022498954174781e-16,1,0.1822916785063365,0
2.369338677354709,0,0.0028643320871254256,1.6688417120983165e-16,atomic_clock_modes;f0_gate,0.0005956695226472199,1,0.0009010721616085078,1,1.0032350741572526e-16,1,0.1822916785063365,0
2.3695390781563126,0,0.002893848923807189,0.0,atomic_clock_modes;f0_gate,0.0006016987495008646,1,0.0009104072388543903,1,0.0,1,0.1822916785063365,0
2.3697394789579156,0,0.0029233623906091038,1.6688417120983165e-16,atomic_clock_modes;f0_gate,0.000607727986865737,1,0.0009197422649995788,1,1.022498954174781e-16,1,0.1822916785063365,0
2.369939879759519,0,0.0029528724882015088,1.6688417120983165e-16,atomic_clock_modes;f0_gate,0.0006137572344320657,1,0.0009290772400242643,1,1.022498954174781e-16,1,0.1822916785063365,0
2.370140280561122,0,0.0029823792172537777,0.0,atomic_clock_modes;f0_gate,0.0006197864919021395,1,0.00093841216390744,1,0.0,1,0.1822916785063365,0
2.3703406813627255,0,0.0030118825784347034,0.0,atomic_clock_modes;f0_gate,0.0006258157589898649,1,0.0009477470366284943,1,0.0,1,0.1822916785063365,0
2.3705410821643285,0,0.0030413825724136595,0.0,atomic_clock_modes;f0_gate,0.0006318450354196139,1,0.0009570818581668227,1,0.0,1,0.1822916785063365,0
2.370741482965932,0,0.0030708791998596318,0.0,atomic_clock_modes;f0_gate,0.0006378743209266254,1,0.0009664166285018053,1,0.0,1,0.1822916785063365,0
2.370941883767535,0,0.0031003724614414143,0.0,atomic_clock_modes;f0_gate,0.0006439036152559112,1,0.000975751347612859,1,0.0,1,0.1822916785063365,0
2.3711422845691383,0,0.0031298623578272207,0.0,atomic_clock_modes;f0_gate,0.0006499329181619496,1,0.000985086015479358,1,0.0,1,0.1822916785063365,0
2.3713426853707413,0,0.0031593488896854574,0.0,atomic_clock_modes;f0_gate,0.0006559622294083936,1,0.000994420632080706,1,0.0,1,0.1822916785063365,0
2.3715430861723448,0,0.0031888320576845316,1.6688417120983165e-16,atomic_clock_modes;f0_gate,0.000661991548767045,1,0.0010037551973963116,1,1.0032350741572526e-16,1,0.1822916785063365,0
2.3717434869739478,0,0.003218311862492077,1.6688417120983165e-16,atomic_clock_modes;f0_gate,0.0006680208760184016,1,0.0010130897114055573,1,1.0032350741572526e-16,1,0.1822916785063365,0
2.371943887775551,0,0.003247788304776307,0.0,atomic_clock_modes;f0_gate,0.0006740502109506663,1,0.0010224241740878503,1,0.0,1,0.1822916785063365,0
2.372144288577154,0,0.003277261385204277,0.0,atomic_clock_modes;f0_gate,0.0006800795533595525,1,0.0010317585854221782,1,0.0,1,0.1822916785063365,0
2.372344689378757,0,0.00330673110444362,0.0,atomic_clock_modes;f0_gate,0.0006861089030481042,1,0.0010410929453887668,1,0.0,1,0.1822916785063365,0
2.3725450901803606,0,0.0033361974631617762,0.0,atomic_clock_modes;f0_gate,0.00069213825982577,1,0.001050427253966599,1,0.0,1,0.1822916785063365,0
2.3727454909819636,0,0.003365660462025028,3.337683424196633e-16,atomic_clock_modes;f0_gate,0.0006981676235090385,1,0.0010597615111350841,1,1.973340125842398e-16,1,0.1822916785063365,0
2.372945891783567,0,0.0033951201017012014,0.0,atomic_clock_modes;f0_gate,0.000704196993920536,1,0.0010690957168736355,1,0.0,1,0.1822916785063365,0
2.37314629258517,0,0.0034245763828559994,0.0,atomic_clock_modes;f0_gate,0.0007102263708888976,1,0.0010784298711616416,1,0.0,1,0.1822916785063365,0
2.3733466933867735,0,0.003454029306156668,1.6688417120983165e-16,atomic_clock_modes;f0_gate,0.0007162557542487047,1,0.0010877639739785235,1,1.022498954174781e-16,1,0.1822916785063365,0
2.3735470941883765,0,0.00348347887226891,1.6688417120983165e-16,atomic_clock_modes;f0_gate,0.0007222851438395811,1,0.0010970980253036816,1,1.0032350741572526e-16,1,0.1822916785063365,0
2.37374749498998,0,0.0035129250818590058,0.0,atomic_clock_modes;f0_gate,0.0007283145395069325,1,0.001106432025116528,1,0.0,1,0.1822916785063365,0
2.373947895791583,0,0.0035423679355926574,1.6688417120983165e-16,atomic_clock_modes;f0_gate,0.0007343439411010807,1,0.0011157659733964742,1,1.022498954174781e-16,1,0.1822916785063365,0
2.3741482965931864,0,0.0035718074341359526,1.6688417120983165e-16,atomic_clock_modes;f0_gate,0.0007403733484772241,1,0.001125099870122923,1,1.022498954174781e-16,1,0.1822916785063365,0
2.3743486973947894,0,0.003601243578154207,0.0,atomic_clock_modes;f0_gate,0.0007464027614952463,1,0.0011344337152748962,1,0.0,1,0.1822916785063365,0
2.374549098196393,0,0.0036306763683125413,0.0,atomic_clock_modes;f0_gate,0.0007524321800196761,1,0.0011437675088325965,1,0.0,1,0.1822916785063365,0
2.374749498997996,0,0.0036601058052758853,0.0,atomic_clock_modes;f0_gate,0.000758461603918882,1,0.0011531012507750515,1,0.0,1,0.1822916785063365,0
2.3749498997995993,0,0.003689531889710133,0.0,atomic_clock_modes;f0_gate,0.0007644910330658457,1,0.00116243494108167,1,0.0,1,0.1822916785063365,0
2.3751503006012022,0,0.0037189546222790542,0.0,atomic_clock_modes;f0_gate,0.0007705204673373751,1,0.0011717685797318544,1,0.0,1,0.1822916785063365,0
2.3753507014028057,0,0.0037483740036477705,0.0,atomic_clock_modes;f0_gate,0.0007765499066141078,1,0.0011811021667050474,1,0.0,1,0.1822916785063365,0
2.3755511022044087,0,0.0037777900344804377,0.0,atomic_clock_modes;f0_gate,0.0007825793507805028,1,0.0011904357019806569,1,0.0,1,0.1822916785063365,0
2.375751503006012,0,0.003807202715441211,1.6688417120983165e-16,atomic_clock_modes;f0_gate,0.0007886087997241013,1,0.001199769185538098,1,1.0032350741572526e-16,1,0.1822916785063365,0
2.375951903807615,0,0.0038366120471942464,1.6688417120983165e-16,atomic_clock_modes;f0_gate,0.0007946382533363073,1,0.0012091026173567815,1,1.0032350741572526e-16,1,0.1822916785063365,0
2.376152304609218,0,0.00386601803040312,1.6688417120983165e-16,atomic_clock_modes;f0_gate,0.0008006677115116596,1,0.0012184359974161457,1,1.022498954174781e-16,1,0.1822916785063365,0
2.3763527054108216,0,0.003895420665731987,1.6688417120983165e-16,atomic_clock_modes;f0_gate,0.0008066971741478299,1,0.001227769325695612,1,1.022498954174781e-16,1,0.1822916785063365,0
2.3765531062124245,0,0.003924819953843651,0.0,atomic_clock_modes;f0_gate,0.0008127266411455404,1,0.0012371026021745985,1,0.0,1,0.1822916785063365,0
2.376753507014028,0,0.003954215895401687,0.0,atomic_clock_modes;f0_gate,0.0008187561124085934,1,0.0012464358268321257,1,0.0,1,0.1822916785063365,0
2.376953907815631,0,0.0039836084910692855,3.337683424196633e-16,atomic_clock_modes;f0_gate,0.0008247855878431332,1,0.001255768999648429,1,1.973340125842398e-16,1,0.1822916785063365,0
2.3771543086172344,0,0.004012997741508863,0.0,atomic_clock_modes;f0_gate,0.0008308150673584924,1,0.0012651021206025305,1,0.0,1,0.1822916785063365,0
2.3773547094188374,0,0.004042383647383415,0.0,atomic_clock_modes;f0_gate,0.0008368445508664586,1,0.001274435189673858,1,0.0,1,0.1822916785063365,0
2.377555110220441,0,0.0040717662093557455,1.6688417120983165e-16,atomic_clock_modes;f0_gate,0.0008428740382813532,1,0.0012837682068418405,1,1.022498954174781e-16,1,0.1822916785063365,0
2.377755511022044,0,0.004101145428087497,1.6688417120983165e-16,atomic_clock_modes;f0_gate,0.0008489035295200862,1,0.001293101172085908,1,1.0032350741572526e-16,1,0.1822916785063365,0
2.3779559118236473,0,0.00413052130424128,0.0,atomic_clock_modes;f0_gate,0.0008549330245014404,1,0.0013024340853854924,1,0.0,1,0.1822916785063365,0
2.3781563126252503,0,0.004159893838478931,1.6688417120983165e-16,atomic_clock_modes;f0_gate,0.0008609625231469377,1,0.0013117669467200164,1,1.022498954174781e-16,1,0.1822916785063365,0
2.3783567134268537,0,0.004189263031462286,1.6688417120983165e-16,atomic_clock_modes;f0_gate,0.0008669920253801322,1,0.0013210997560689274,1,1.022498954174781e-16,1,0.1822916785063365,0
2.3785571142284567,0,0.004218628883852604,0.0,atomic_clock_modes;f0_gate,0.0008730215311266922,1,0.0013304325134116468,1,0.0,1,0.1822916785063365,0
2.37875751503006,0,0.004247991396311721,0.0,atomic_clock_modes;f0_gate,0.0008790510403144721,1,0.001339765218727623,1,0.0,1,0.1822916785063365,0
2.378957915831663,0,0.004277350569500313,0.0,atomic_clock_modes;f0_gate,0.0008850805528728412,1,0.0013490978719958775,1,0.0,1,0.1822916785063365,0
2.3791583166332666,0,0.004306706404079833,3.337683424196633e-16,atomic_clock_modes;f0_gate,0.0008911100687335226,1,0.0013584304731966642,1,1.973340125842398e-16,1,0.1822916785063365,0
2.3793587174348696,0,0.004336058900710957,0.0,atomic_clock_modes;f0_gate,0.000897139587829944,1,0.0013677630223090048,1,0.0,1,0.1822916785063365,0
2.379559118236473,0,0.004365408060054361,0.0,atomic_clock_modes;f0_gate,0.0009031691100972952,1,0.001377095519312346,1,0.0,1,0.1822916785063365,0
2.379759519038076,0,0.004394753882770338,0.0,atomic_clock_modes;f0_gate,0.0009091986354726495,1,0.001386427964186132,1,0.0,1,0.1822916785063365,0
2.3799599198396795,0,0.004424096369519178,1.6688417120983165e-16,atomic_clock_modes;f0_gate,0.0009152281638942635,1,0.0013957603569098025,1,1.022498954174781e-16,1,0.1822916785063365,0
2.3801603206412825,0,0.00445343552096098,1.6688417120983165e-16,atomic_clock_modes;f0_gate,0.0009212576953024893,1,0.0014050926974627977,1,1.022498954174781e-16,1,0.1822916785063365,0
2.3803607214428855,0,0.004482771337755839,1.6688417120983165e-16,atomic_clock_modes;f0_gate,0.0009272872296390638,1,0.0014144249858245549,1,1.022498954174781e-16,1,0.1822916785063365,0
2.380561122244489,0,0.004512103820563082,1.6688417120983165e-16,atomic_clock_modes;f0_gate,0.0009333167668472242,1,0.0014237572219745283,1,1.022498954174781e-16,1,0.1822916785063365,0
2.380761523046092,0,0.004541432970042806,0.0,atomic_clock_modes;f0_gate,0.0009393463068718417,1,0.0014330894058921604,1,0.0,1,0.1822916785063365,0
2.3809619238476953,0,0.004570758786853756,0.0,atomic_clock_modes;f0_gate,0.0009453758496587073,1,0.0014424215375568937,1,0.0,1,0.1822916785063365,0
2.3811623246492983,0,0.004600081271655256,3.337683424196633e-16,atomic_clock_modes;f0_gate,0.0009514053951554621,1,0.0014517536169481925,1,1.973340125842398e-16,1,0.1822916785063365,0
2.3813627254509018,0,0.004629400425106439,0.0,atomic_clock_modes;f0_gate,0.0009574349433109088,1,0.0014610856440450733,1,0.0,1,0.1822916785063365,0
2.3815631262525048,0,0.0046587162478658566,0.0,atomic_clock_modes;f0_gate,0.0009634644940751295,1,0.0014704176188278177,1,0.0,1,0.1822916785063365,0
2.381763527054108,0,0.004688028740592446,0.0,atomic_clock_modes;f0_gate,0.00096949404739961,1,0.001479749541275473,1,0.0,1,0.1822916785063365,0
2.381963927855711,0,0.00471733790394418,1.6688417120983165e-16,atomic_clock_modes;f0_gate,0.0009755236032365612,1,0.0014890814113674741,1,1.0032350741572526e-16,1,0.1822916785063365,0
2.3821643286573146,0,0.00474664373857961,0.0,atomic_clock_modes;f0_gate,0.0009815531615398436,1,0.0014984132290832828,1,0.0,1,0.1822916785063365,0
2.3823647294589176,0,0.0047759462451565145,0.0,atomic_clock_modes;f0_gate,0.0009875827222642743,1,0.0015077449944023527,1,0.0,1,0.1822916785063365,0
2.382565130260521,0,0.004805245424332867,1.6688417120983165e-16,atomic_clock_modes;f0_gate,0.0009936122853657805,1,0.0015170767073041467,1,1.022498954174781e-16,1,0.1822916785063365,0
2.382765531062124,0,0.004834541276766445,0.0,atomic_clock_modes;f0_gate,0.0009996418508013507,1,0.001526408367768111,1,0.0,1,0.1822916785063365,0
2.3829659318637275,0,0.004863833803114255,0.0,atomic_clock_modes;f0_gate,0.001005671418529157,1,0.0015357399757737046,1,0.0,1,0.1822916785063365,0
2.3831663326653305,0,0.004893123004034269,0.0,atomic_clock_modes;f0_gate,0.0010117009885079013,1,0.0015450715313003946,1,0.0,1,0.1822916785063365,0
2.383366733466934,0,0.004922408880183107,3.337683424196633e-16,atomic_clock_modes;f0_gate,0.0010177305606977368,1,0.0015544030343276215,1,1.973340125842398e-16,1,0.1822916785063365,0
2.383567134268537,0,0.004951691432217773,0.0,atomic_clock_modes;f0_gate,0.0010237601350595977,1,0.0015637344848348728,1,0.0,1,0.1822916785063365,0
2.3837675350701404,0,0.004980970660795275,0.0,atomic_clock_modes;f0_gate,0.0010297897115553237,1,0.0015730658828011729,1,0.0,1,0.1822916785063365,0
2.3839679358717434,0,0.0050102465665718444,0.0,atomic_clock_modes;f0_gate,0.0010358192901478128,1,0.001582397228206818,1,0.0,1,0.1822916785063365,0
2.384168336673347,0,0.0050395191502039085,1.6688417120983165e-16,atomic_clock_modes;f0_gate,0.0010418488708003417,1,0.0015917285210308608,1,1.022498954174781e-16,1,0.1822916785063365,0
2.38436873747495,0,0.005068788412347699,1.6688417120983165e-16,atomic_clock_modes;f0_gate,0.001047878453477514,1,0.0016010597612527665,1,1.022498954174781e-16,1,0.1822916785063365,0
2.384569138276553,0,0.0050980543536592576,1.6688417120983165e-16,atomic_clock_modes;f0_gate,0.0010539080381445764,1,0.0016103909488520043,1,1.022498954174781e-16,1,0.1822916785063365,0
2.3847695390781563,0,0.005127316974794429,1.6688417120983165e-16,atomic_clock_modes;f0_gate,0.001059937624767567,1,0.0016197220838080279,1,1.022498954174781e-16,1,0.1822916785063365,0
2.3849699398797592,0,0.005156576276408867,0.0,atomic_clock_modes;f0_gate,0.0010659672133132958,1,0.0016290531661003196,1,0.0,1,0.1822916785063365,0
2.3851703406813627,0,0.005185832259157452,1.6688417120983165e-16,atomic_clock_modes;f0_gate,0.001071996803749479,1,0.0016383841957083416,1,1.022498954174781e-16,1,0.1822916785063365,0
2.3853707414829657,0,0.005215084923696417,1.6688417120983165e-16,atomic_clock_modes;f0_gate,0.0010780263960440838,1,0.0016477151726115753,1,1.022498954174781e-16,1,0.1822916785063365,0
2.385571142284569,0,0.005244334270680062,0.0,atomic_clock_modes;f0_gate,0.0010840559901662517,1,0.0016570460967894635,1,0.0,1,0.1822916785063365,0
2.385771543086172,0,0.005273580300763848,0.0,atomic_clock_modes;f0_gate,0.001090085586085653,1,0.0016663769682215062,1,0.0,1,0.1822916785063365,0
2.3859719438877756,0,0.005302823014601881,0.0,atomic_clock_modes;f0_gate,0.0010961151837726379,1,0.0016757077868871666,1,0.0,1,0.1822916785063365,0
2.3861723446893786,0,0.00533206241284885,1.6688417120983165e-16,atomic_clock_modes;f0_gate,0.0011021447831983462,1,0.001685038552765515,1,1.0032350741572526e-16,1,0.1822916785063365,0
2.386372745490982,0,0.0053612984961594395,0.0,atomic_clock_modes;f0_gate,0.0011081743843340869,1,0.001694369265836833,1,0.0,1,0.1822916785063365,0
2.386573146292585,0,0.005390531265187566,0.0,atomic_clock_modes;f0_gate,0.0011142039871522493,1,0.0017036999260801996,1,0.0,1,0.1822916785063365,0
2.3867735470941884,0,0.005419760720587142,1.6688417120983165e-16,atomic_clock_modes;f0_gate,0.0011202335916256777,1,0.0017130305334750906,1,1.022498954174781e-16,1,0.1822916785063365,0
2.3869739478957914,0,0.005448986863012276,0.0,atomic_clock_modes;f0_gate,0.001126263197727779,1,0.001722361088000981,1,0.0,1,0.1822916785063365,0
2.387174348697395,0,0.005478209693116108,0.0,atomic_clock_modes;f0_gate,0.0011322928054326895,1,0.0017316915896373438,1,0.0,1,0.1822916785063365,0
2.387374749498998,0,0.00550742921155236,0.0,atomic_clock_modes;f0_gate,0.0011383224147146272,1,0.0017410220383636758,1,0.0,1,0.1822916785063365,0
2.3875751503006013,0,0.005536645418974172,3.337683424196633e-16,atomic_clock_modes;f0_gate,0.0011443520255488236,1,0.0017503524341594481,1,1.973340125842398e-16,1,0.1822916785063365,0
2.3877755511022043,0,0.005565858316034299,0.0,atomic_clock_modes;f0_gate,0.0011503816379108721,1,0.0017596827770041473,1,0.0,1,0.1822916785063365,0
2.3879759519038073,0,0.0055950679033860765,0.0,atomic_clock_modes;f0_gate,0.001156411251776868,1,0.0017690130668772588,1,0.0,1,0.1822916785063365,0
2.3881763527054107,0,0.0056242741816820655,0.0,atomic_clock_modes;f0_gate,0.0011624408671235679,1,0.0017783433037578586,1,0.0,1,0.1822916785063365,0
2.3883767535070137,0,0.005653477151574633,0.0,atomic_clock_modes;f0_gate,0.001168470483927736,1,0.0017876734876262406,1,0.0,1,0.1822916785063365,0
2.388577154308617,0,0.0056826768137165345,1.6688417120983165e-16,atomic_clock_modes;f0_gate,0.0011745001021670847,1,0.0017970036184614924,1,1.022498954174781e-16,1,0.1822916785063365,0
2.38877755511022,0,0.005711873168759172,1.6688417120983165e-16,atomic_clock_modes;f0_gate,0.00118052972181962,1,0.0018063336962431,1,1.022498954174781e-16,1,0.1822916785063365,0
2.3889779559118236,0,0.005741066217354913,1.6688417120983165e-16,atomic_clock_modes;f0_gate,0.001186559342863794,1,0.0018156637209505617,1,1.022498954174781e-16,1,0.1822916785063365,0
2.3891783567134266,0,0.0057702559601557415,0.0,atomic_clock_modes;f0_gate,0.0011925889652785076,1,0.0018249936925633454,1,0.0,1,0.1822916785063365,0
2.38937875751503,0,0.0057994423978128635,1.6688417120983165e-16,atomic_clock_modes;f0_gate,0.001198618589043227,1,0.0018343236110609687,1,1.022498954174781e-16,1,0.1822916785063365,0
2.389579158316633,0,0.0058286255309776824,1.6688417120983165e-16,atomic_clock_modes;f0_gate,0.0012046482141373723,1,0.0018436534764229079,1,1.022498954174781e-16,1,0.1822916785063365,0
2.3897795591182365,0,0.005857805360301601,0.0,atomic_clock_modes;f0_gate,0.001210677840541231,1,0.0018529832886286552,1,0.0,1,0.1822916785063365,0
2.3899799599198395,0,0.005886981886435633,0.0,atomic_clock_modes;f0_gate,0.0012167074682353388,1,0.001862313047657718,1,0.0,1,0.1822916785063365,0
2.390180360721443,0,0.005916155110030409,0.0,atomic_clock_modes;f0_gate,0.0012227370972006076,1,0.0018716427534895782,1,0.0,1,0.1822916785063365,0
2.390380761523046,0,0.005945325031737136,1.6688417120983165e-16,atomic_clock_modes;f0_gate,0.001228766727418473,1,0.001880972406103741,1,1.0032350741572526e-16,1,0.1822916785063365,0
2.3905811623246493,0,0.005974491652205479,0.0,atomic_clock_modes;f0_gate,0.0012347963588702792,1,0.0018903020054793012,1,0.0,1,0.1822916785063365,0
2.3907815631262523,0,0.006003654972086259,0.0,atomic_clock_modes;f0_gate,0.0012408259915381906,1,0.0018996315515965648,1,0.0,1,0.1822916785063365,0
2.390981963927856,0,0.006032814992029719,1.6688417120983165e-16,atomic_clock_modes;f0_gate,0.001246855625404567,1,0.001908961044434623,1,1.022498954174781e-16,1,0.1822916785063365,0
2.3911823647294588,0,0.006061971712685715,1.6688417120983165e-16,atomic_clock_modes;f0_gate,0.0012528852604521048,1,0.0019182904839729817,1,1.022498954174781e-16,1,0.1822916785063365,0
2.391382765531062,0,0.0060911251347039105,0.0,atomic_clock_modes;f0_gate,0.0012589148966639866,1,0.001927619870191144,1,0.0,1,0.1822916785063365,0
2.391583166332665,0,0.0061202752587337745,1.6688417120983165e-16,atomic_clock_modes;f0_gate,0.0012649445340232528,1,0.001936949203068607,1,1.0032350741572526e-16,1,0.1822916785063365,0
2.3917835671342687,0,0.006149422085424583,1.6688417120983165e-16,atomic_clock_modes;f0_gate,0.0012709741725137275,1,0.0019462784825848777,1,1.022498954174781e-16,1,0.1822916785063365,0
2.3919839679358716,0,0.006178565615425806,0.0,atomic_clock_modes;f0_gate,0.0012770038121193898,1,0.001955607708719466,1,0.0,1,0.1822916785063365,0
2.3921843687374746,0,0.006207705849386528,0.0,atomic_clock_modes;f0_gate,0.0012830334528245104,1,0.0019649368814518703,1,0.0,1,0.1822916785063365,0
2.392384769539078,0,0.006236842787955444,0.0,atomic_clock_modes;f0_gate,0.0012890630946136667,1,0.001974266000761606,1,0.0,1,0.1822916785063365,0
2.392585170340681,0,0.006265976431781444,0.0,atomic_clock_modes;f0_gate,0.0012950927374718714,1,0.0019835950666281794,1,0.0,1,0.1822916785063365,0
2.3927855711422845,0,0.006295106781512453,1.6688417120983165e-16,atomic_clock_modes;f0_gate,0.0013011223813839564,1,0.0019929240790310947,1,1.022498954174781e-16,1,0.1822916785063365,0
2.3929859719438875,0,0.006324233837797553,1.6688417120983165e-16,atomic_clock_modes;f0_gate,0.001307152026335481,1,0.0020022530379494577,1,1.022498954174781e-16,1,0.1822916785063365,0
2.393186372745491,0,0.0063533576012842815,1.6688417120983165e-16,atomic_clock_modes;f0_gate,0.0013131816723121355,1,0.002011581943363606,1,1.022498954174781e-16,1,0.1822916785063365,0
2.393386773547094,0,0.006382478072620756,0.0,atomic_clock_modes;f0_gate,0.001319211319299868,1,0.0020209107952526314,1,0.0,1,0.1822916785063365,0
2.3935871743486974,0,0.006411595252454706,1.6688417120983165e-16,atomic_clock_modes;f0_gate,0.001325240967285022,1,0.0020302395935960565,1,1.022498954174781e-16,1,0.1822916785063365,0
2.3937875751503004,0,0.006440709141433478,1.6688417120983165e-16,atomic_clock_modes;f0_gate,0.0013312706162537432,1,0.002039568338373392,1,1.022498954174781e-16,1,0.1822916785063365,0
2.393987975951904,0,0.006469819740204993,0.0,atomic_clock_modes;f0_gate,0.0013373002661928746,1,0.0020488970295641476,1,0.0,1,0.1822916785063365,0
2.394188376753507,0,0.006498927049416016,0.0,atomic_clock_modes;f0_gate,0.0013433299170893542,1,0.002058225667147852,1,0.0,1,0.1822916785063365,0
2.3943887775551103,0,0.0065280310697136985,0.0,atomic_clock_modes;f0_gate,0.001349359568930349,1,0.002067554251104021,1,0.0,1,0.1822916785063365,0
2.3945891783567133,0,0.0065571318017449975,1.6688417120983165e-16,atomic_clock_modes;f0_gate,0.0013553892217034065,1,0.002076882781412173,1,1.0032350741572526e-16,1,0.1822916785063365,0
2.3947895791583167,0,0.006586229246156484,0.0,atomic_clock_modes;f0_gate,0.001361418875395832,1,0.0020862112580518235,1,0.0,1,0.1822916785063365,0
2.3949899799599197,0,0.00661532340359473,0.0,atomic_clock_modes;f0_gate,0.0013674485299956188,1,0.0020955396810024983,1,0.0,1,0.1822916785063365,0
2.395190380761523,0,0.0066444142747057264,1.6688417120983165e-16,atomic_clock_modes;f0_gate,0.0013734781854908224,1,0.0021048680502437247,1,1.022498954174781e-16,1,0.1822916785063365,0
2.395390781563126,0,0.006673501860135851,1.6688417120983165e-16,atomic_clock_modes;f0_gate,0.001379507841869692,1,0.002114196365754618,1,1.022498954174781e-16,1,0.1822916785063365,0
2.3955911823647296,0,0.00670258616053148,0.0,atomic_clock_modes;f0_gate,0.0013855374991208539,1,0.0021235246275155117,1,0.0,1,0.1822916785063365,0
2.3957915831663326,0,0.0067316671765368695,1.6688417120983165e-16,atomic_clock_modes;f0_gate,0.001391567157232651,1,0.002132852835505523,1,1.0032350741572526e-16,1,0.1822916785063365,0
2.395991983967936,0,0.006760744908799554,1.6688417120983165e-16,atomic_clock_modes;f0_gate,0.0013975968161941098,1,0.0021421809897041815,1,1.022498954174781e-16,1,0.1822916785063365,0
2.396192384769539,0,0.006789819357963785,0.0,atomic_clock_modes;f0_gate,0.001403626475994271,1,0.0021515090900910173,1,0.0,1,0.1822916785063365,0
2.396392785571142,0,0.006818890524674783,0.0,atomic_clock_modes;f0_gate,0.0014096561366223725,1,0.0021608371366455617,1,0.0,1,0.1822916785063365,0
2.3965931863727454,0,0.0068479584095779596,0.0,atomic_clock_modes;f0_gate,0.001415685798067999,1,0.0021701651293473483,1,0.0,1,0.1822916785063365,0
2.3967935871743484,0,0.006877023013317565,0.0,atomic_clock_modes;f0_gate,0.0014217154603204342,1,0.002179493068175892,1,0.0,1,0.1822916785063365,0
2.396993987975952,0,0.0069060843365393995,1.6688417120983165e-16,atomic_clock_modes;f0_gate,0.001427745123369612,1,0.0021888209531107424,1,1.022498954174781e-16,1,0.1822916785063365,0
2.397194388777555,0,0.006935142379887135,1.6688417120983165e-16,atomic_clock_modes;f0_gate,0.0014337747872054728,1,0.0021981487841314182,1,1.022498954174781e-16,1,0.1822916785063365,0
2.3973947895791583,0,0.006964197144005023,0.0,atomic_clock_modes;f0_gate,0.0014398044518181398,1,0.0022074765612174673,1,0.0,1,0.1822916785063365,0
2.3975951903807613,0,0.006993248629537317,0.0,atomic_clock_modes;f0_gate,0.0014458341171978966,1,0.0022168042843480136,1,0.0,1,0.1822916785063365,0
2.3977955911823647,0,0.007022296837128461,1.6688417120983165e-16,atomic_clock_modes;f0_gate,0.001451863783335338,1,0.0022261319535034074,1,1.022498954174781e-16,1,0.1822916785063365,0
2.3979959919839677,0,0.007051341767421356,0.0,atomic_clock_modes;f0_gate,0.0014578934502207516,1,0.0022354595686627753,1,0.0,1,0.1822916785063365,0
2.398196392785571,0,0.007080383421060447,1.6688417120983165e-16,atomic_clock_modes;f0_gate,0.0014639231178450506,1,0.0022447871298056613,1,1.0032350741572526e-16,1,0.1822916785063365,0
2.398396793587174,0,0.0071094217986884395,0.0,atomic_clock_modes;f0_gate,0.001469952786199146,1,0.0022541146369116096,1,0.0,1,0.1822916785063365,0
2.3985971943887776,0,0.007138456900948814,0.0,atomic_clock_modes;f0_gate,0.0014759824552740902,1,0.002263442089960152,1,0.0,1,0.1822916785063365,0
2.3987975951903806,0,0.00716748872848505,1.6688417120983165e-16,atomic_clock_modes;f0_gate,0.0014820121250612404,1,0.0022727694889308277,1,1.0032350741572526e-16,1,0.1822916785063365,0
2.398997995991984,0,0.007196517281939272,0.0,atomic_clock_modes;f0_gate,0.0014880417955516257,1,0.0022820968338032,1,0.0,1,0.1822916785063365,0
2.399198396793587,0,0.007225542561954769,0.0,atomic_clock_modes;f0_gate,0.001494071466736893,1,0.0022914241245567874,1,0.0,1,0.1822916785063365,0
2.3993987975951905,0,0.007254564569173858,1.6688417120983165e-16,atomic_clock_modes;f0_gate,0.0015001011386086604,1,0.002300751361171161,1,1.022498954174781e-16,1,0.1822916785063365,0
2.3995991983967935,0,0.007283583304238668,1.6688417120983165e-16,atomic_clock_modes;f0_gate,0.0015061308111586772,1,0.0023100785436258476,1,1.022498954174781e-16,1,0.1822916785063365,0
2.399799599198397,0,0.007312598767791518,0.0,atomic_clock_modes;f0_gate,0.0015121604843789953,1,0.002319405671900401,1,0.0,1,0.1822916785063365,0
2.4,0,0.007341610960474534,1.6688417120983165e-16,atomic_clock_modes;f0_gate,0.001518190158261314,1,0.0023287327459739706,1,1.0032350741572526e-16,1,0.1822916785063365,0
